event_id,account_id,learner_id,event_type,occurred_at,variant,goal_id,plan_id,lab_id,assignment_seed
a-e00577,a-acct-066,,evaluation_started,2026-09-01T02:43:00Z,control,,,,tal-2026-10
a-e00711,a-acct-080,,evaluation_started,2026-09-01T05:01:00Z,control,,,,tal-2026-10
a-e01416,a-acct-149,,evaluation_started,2026-09-01T07:18:00Z,control,,,,tal-2026-10
a-e01105,a-acct-122,,evaluation_started,2026-09-01T08:13:00Z,control,,,,tal-2026-10
a-e02734,a-acct-288,,evaluation_started,2026-09-01T09:56:00Z,control,,,,tal-2026-10
a-e00963,a-acct-107,,evaluation_started,2026-09-01T11:29:00Z,control,,,,tal-2026-10
a-e00561,a-acct-065,,evaluation_started,2026-09-01T16:03:00Z,control,,,,tal-2026-10
a-e01887,a-acct-201,,evaluation_started,2026-09-01T17:03:00Z,treatment,,,,tal-2026-10
a-e01888,a-acct-201,,goal_selected,2026-09-01T17:17:00Z,treatment,goal-web-app-testing,,,tal-2026-10
a-e00563,a-acct-065,a-acct-065-l1,learner_invited,2026-09-01T18:16:00Z,control,,,,tal-2026-10
a-e00562,a-acct-065,,plan_created,2026-09-01T19:18:00Z,control,,a-acct-065-generic,,tal-2026-10
a-e01418,a-acct-151,,evaluation_started,2026-09-01T19:58:00Z,treatment,,,,tal-2026-10
a-e01419,a-acct-151,,goal_selected,2026-09-01T20:05:00Z,treatment,goal-soc-onboarding,,,tal-2026-10
a-e01889,a-acct-201,,plan_created,2026-09-01T20:23:00Z,treatment,goal-web-app-testing,a-acct-201-proof-7d,,tal-2026-10
a-e00712,a-acct-080,,plan_created,2026-09-01T20:44:00Z,control,,a-acct-080-generic,,tal-2026-10
a-e01420,a-acct-151,,plan_created,2026-09-01T22:46:00Z,treatment,goal-soc-onboarding,a-acct-151-proof-7d,,tal-2026-10
a-e00214,a-acct-028,a-acct-028-l2,lab_started,2026-09-17T09:31:00Z,control,,,lab-synthetic-1,tal-2026-10
a-e01421,a-acct-151,a-acct-151-l1,learner_invited,2026-09-02T02:58:00Z,treatment,,,,tal-2026-10
a-e01426,a-acct-151,a-acct-151-l3,learner_invited,2026-09-02T03:19:00Z,treatment,,,,tal-2026-10
a-e01509,a-acct-161,,evaluation_started,2026-09-02T04:46:00Z,control,,,,tal-2026-10
a-e00573,a-acct-065,a-acct-065-l4,learner_invited,2026-09-02T05:14:00Z,control,,,,tal-2026-10
a-e01892,a-acct-201,a-acct-201-l2,learner_invited,2026-09-02T05:58:00Z,treatment,,,,tal-2026-10
a-e01211,a-acct-132,,evaluation_started,2026-09-02T06:47:00Z,control,,,,tal-2026-10
a-e00567,a-acct-065,a-acct-065-l2,learner_invited,2026-09-02T06:58:00Z,control,,,,tal-2026-10
a-e00715,a-acct-080,a-acct-080-l2,learner_invited,2026-09-02T08:31:00Z,control,,,,tal-2026-10
a-e00966,a-acct-107,a-acct-107-l2,learner_invited,2026-09-02T09:47:00Z,control,,,,tal-2026-10
a-e01427,a-acct-151,a-acct-151-l3,invite_accepted,2026-09-02T09:57:00Z,treatment,,,,tal-2026-10
a-e01107,a-acct-122,a-acct-122-l1,learner_invited,2026-09-02T10:39:00Z,control,,,,tal-2026-10
a-e01111,a-acct-122,a-acct-122-l3,learner_invited,2026-09-02T11:03:00Z,control,,,,tal-2026-10
a-e01510,a-acct-161,,plan_created,2026-09-02T11:19:00Z,control,,a-acct-161-generic,,tal-2026-10
a-e00964,a-acct-107,,plan_created,2026-09-02T11:30:00Z,control,,a-acct-107-generic,,tal-2026-10
a-e01008,a-acct-112,,evaluation_started,2026-09-02T11:33:00Z,treatment,,,,tal-2026-10
a-e01110,a-acct-122,a-acct-122-l2,learner_invited,2026-09-02T11:35:00Z,control,,,,tal-2026-10
a-e00202,a-acct-027,,evaluation_started,2026-09-02T11:44:00Z,treatment,,,,tal-2026-10
a-e01009,a-acct-112,,goal_selected,2026-09-02T11:48:00Z,treatment,goal-web-app-testing,,,tal-2026-10
a-e01890,a-acct-201,a-acct-201-l1,learner_invited,2026-09-02T11:58:00Z,treatment,,,,tal-2026-10
a-e00969,a-acct-107,a-acct-107-l3,learner_invited,2026-09-02T12:12:00Z,control,,,,tal-2026-10
a-e00203,a-acct-027,,goal_selected,2026-09-02T12:28:00Z,treatment,goal-cloud-foundations,,,tal-2026-10
a-e02111,a-acct-227,,evaluation_started,2026-09-02T12:43:00Z,treatment,,,,tal-2026-10
a-e00713,a-acct-080,a-acct-080-l1,learner_invited,2026-09-02T12:50:00Z,control,,,,tal-2026-10
a-e00574,a-acct-065,a-acct-065-l4,invite_accepted,2026-09-02T12:54:00Z,control,,,,tal-2026-10
a-e01390,a-acct-147,,evaluation_started,2026-09-02T12:54:00Z,treatment,,,,tal-2026-10
a-e02112,a-acct-227,,goal_selected,2026-09-02T13:02:00Z,treatment,goal-incident-response,,,tal-2026-10
a-e00569,a-acct-065,a-acct-065-l3,learner_invited,2026-09-02T13:08:00Z,control,,,,tal-2026-10
a-e01521,a-acct-161,a-acct-161-l5,learner_invited,2026-09-02T13:11:00Z,control,,,,tal-2026-10
a-e01391,a-acct-147,,goal_selected,2026-09-02T13:24:00Z,treatment,goal-cloud-foundations,,,tal-2026-10
a-e01106,a-acct-122,,plan_created,2026-09-02T13:42:00Z,control,,a-acct-122-generic,,tal-2026-10
a-e01392,a-acct-147,,plan_created,2026-09-02T14:24:00Z,treatment,goal-cloud-foundations,a-acct-147-proof-7d,,tal-2026-10
a-e00599,a-acct-070,,evaluation_started,2026-09-02T15:16:00Z,control,,,,tal-2026-10
a-e01422,a-acct-151,a-acct-151-l1,invite_accepted,2026-09-02T15:20:00Z,treatment,,,,tal-2026-10
a-e01880,a-acct-200,,evaluation_started,2026-09-02T15:21:00Z,treatment,,,,tal-2026-10
a-e01213,a-acct-132,a-acct-132-l2,learner_invited,2026-09-02T15:30:00Z,control,,,,tal-2026-10
a-e01881,a-acct-200,,goal_selected,2026-09-02T16:01:00Z,treatment,goal-cloud-foundations,,,tal-2026-10
a-e01010,a-acct-112,,plan_created,2026-09-02T16:27:00Z,treatment,goal-web-app-testing,a-acct-112-proof-7d,,tal-2026-10
a-e00204,a-acct-027,,plan_created,2026-09-02T16:29:00Z,treatment,goal-cloud-foundations,a-acct-027-proof-7d,,tal-2026-10
a-e01522,a-acct-161,a-acct-161-l5,learner_opted_out,2026-09-02T17:04:00Z,control,,,,tal-2026-10
a-e01775,a-acct-189,,evaluation_started,2026-09-02T17:48:00Z,treatment,,,,tal-2026-10
a-e02130,a-acct-229,,evaluation_started,2026-09-02T17:50:00Z,treatment,,,,tal-2026-10
a-e02131,a-acct-229,,goal_selected,2026-09-02T17:59:00Z,treatment,goal-cloud-foundations,,,tal-2026-10
a-e01776,a-acct-189,,goal_selected,2026-09-02T18:09:00Z,treatment,goal-cloud-foundations,,,tal-2026-10
a-e01019,a-acct-112,a-acct-112-l3,learner_invited,2026-09-02T18:20:00Z,treatment,,,,tal-2026-10
a-e02113,a-acct-227,,plan_created,2026-09-02T18:24:00Z,treatment,goal-incident-response,a-acct-227-proof-7d,,tal-2026-10
a-e00698,a-acct-079,,evaluation_started,2026-09-02T18:44:00Z,treatment,,,,tal-2026-10
a-e02132,a-acct-229,,plan_created,2026-09-02T19:19:00Z,treatment,goal-cloud-foundations,a-acct-229-proof-7d,,tal-2026-10
a-e01882,a-acct-200,,plan_created,2026-09-02T19:33:00Z,treatment,goal-cloud-foundations,a-acct-200-proof-7d,,tal-2026-10
a-e00699,a-acct-079,,goal_selected,2026-09-02T19:47:00Z,treatment,goal-incident-response,,,tal-2026-10
a-e01015,a-acct-112,a-acct-112-l2,learner_invited,2026-09-02T19:57:00Z,treatment,,,,tal-2026-10
a-e01393,a-acct-147,a-acct-147-l1,learner_invited,2026-09-02T20:06:00Z,treatment,,,,tal-2026-10
a-e01428,a-acct-151,a-acct-151-l3,lab_started,2026-09-02T20:09:00Z,treatment,,,lab-synthetic-2,tal-2026-10
a-e00700,a-acct-079,a-acct-079-l1,learner_invited,2026-09-02T20:15:00Z,treatment,,,,tal-2026-10
a-e00043,a-acct-006,,evaluation_started,2026-09-02T20:33:00Z,treatment,,,,tal-2026-10
a-e01546,a-acct-165,,evaluation_started,2026-09-02T21:08:00Z,control,,,,tal-2026-10
a-e00044,a-acct-006,,goal_selected,2026-09-02T21:16:00Z,treatment,goal-incident-response,,,tal-2026-10
a-e02125,a-acct-227,a-acct-227-l4,learner_invited,2026-09-02T21:25:00Z,treatment,,,,tal-2026-10
a-e00603,a-acct-070,a-acct-070-l2,learner_invited,2026-09-02T22:03:00Z,control,,,,tal-2026-10
a-e01112,a-acct-122,a-acct-122-l3,invite_accepted,2026-09-02T22:07:00Z,control,,,,tal-2026-10
a-e01884,a-acct-200,a-acct-200-l2,learner_invited,2026-09-02T22:30:00Z,treatment,,,,tal-2026-10
a-e02136,a-acct-229,a-acct-229-l3,learner_invited,2026-09-02T23:14:00Z,treatment,,,,tal-2026-10
a-e00570,a-acct-065,a-acct-065-l3,invite_accepted,2026-09-02T23:25:00Z,control,,,,tal-2026-10
a-e01933,a-acct-205,a-acct-205-l2,learner_invited,2026-09-12T20:38:00Z,treatment,,,,tal-2026-10
a-e01212,a-acct-132,a-acct-132-l1,learner_invited,2026-09-02T23:51:00Z,control,,,,tal-2026-10
a-e01261,a-acct-138,,evaluation_started,2026-09-02T23:51:00Z,control,,,,tal-2026-10
a-e01520,a-acct-161,a-acct-161-l4,learner_invited,2026-09-02T23:56:00Z,control,,,,tal-2026-10
a-e02122,a-acct-227,a-acct-227-l3,learner_invited,2026-09-02T23:59:00Z,treatment,,,,tal-2026-10
a-e00676,a-acct-077,,evaluation_started,2026-09-03T00:05:00Z,treatment,,,,tal-2026-10
a-e00600,a-acct-070,,plan_created,2026-09-03T00:08:00Z,control,,a-acct-070-generic,,tal-2026-10
a-e00869,a-acct-096,,evaluation_started,2026-09-03T00:21:00Z,treatment,,,,tal-2026-10
a-e00677,a-acct-077,,goal_selected,2026-09-03T01:05:00Z,treatment,goal-incident-response,,,tal-2026-10
a-e01016,a-acct-112,a-acct-112-l2,invite_accepted,2026-09-03T01:08:00Z,treatment,,,,tal-2026-10
a-e00870,a-acct-096,,goal_selected,2026-09-03T01:10:00Z,treatment,goal-soc-onboarding,,,tal-2026-10
a-e00564,a-acct-065,a-acct-065-l1,invite_accepted,2026-09-03T01:12:00Z,control,,,,tal-2026-10
a-e01511,a-acct-161,a-acct-161-l1,learner_invited,2026-09-03T01:19:00Z,control,,,,tal-2026-10
a-e01423,a-acct-151,a-acct-151-l1,lab_started,2026-09-03T01:21:00Z,treatment,,,lab-synthetic-1,tal-2026-10
a-e00045,a-acct-006,,plan_created,2026-09-03T01:25:00Z,treatment,goal-incident-response,a-acct-006-proof-7d,,tal-2026-10
a-e00565,a-acct-065,a-acct-065-l1,lab_started,2026-09-03T01:40:00Z,control,,,lab-synthetic-6,tal-2026-10
a-e02137,a-acct-229,a-acct-229-l3,invite_accepted,2026-09-03T01:51:00Z,treatment,,,,tal-2026-10
a-e00965,a-acct-107,a-acct-107-l1,learner_invited,2026-09-03T02:05:00Z,control,,,,tal-2026-10
a-e01024,a-acct-112,a-acct-112-l5,learner_invited,2026-09-03T02:40:00Z,treatment,,,,tal-2026-10
a-e00678,a-acct-077,,plan_created,2026-09-03T02:45:00Z,treatment,goal-incident-response,a-acct-077-proof-7d,,tal-2026-10
a-e00049,a-acct-006,a-acct-006-l3,learner_invited,2026-09-03T02:51:00Z,treatment,,,,tal-2026-10
a-e01396,a-acct-147,a-acct-147-l2,learner_invited,2026-09-03T03:02:00Z,treatment,,,,tal-2026-10
a-e00399,a-acct-050,,evaluation_started,2026-09-03T03:09:00Z,treatment,,,,tal-2026-10
a-e00400,a-acct-050,,goal_selected,2026-09-03T03:28:00Z,treatment,goal-soc-onboarding,,,tal-2026-10
a-e02445,a-acct-260,,evaluation_started,2026-09-03T03:33:00Z,control,,,,tal-2026-10
a-e00048,a-acct-006,a-acct-006-l2,learner_invited,2026-09-03T03:38:00Z,treatment,,,,tal-2026-10
a-e00207,a-acct-027,a-acct-027-l2,learner_invited,2026-09-03T03:55:00Z,treatment,,,,tal-2026-10
a-e00871,a-acct-096,,plan_created,2026-09-03T03:57:00Z,treatment,goal-soc-onboarding,a-acct-096-proof-7d,,tal-2026-10
a-e01020,a-acct-112,a-acct-112-l4,learner_invited,2026-09-03T05:02:00Z,treatment,,,,tal-2026-10
a-e00486,a-acct-057,,evaluation_started,2026-09-03T05:11:00Z,control,,,,tal-2026-10
a-e02162,a-acct-233,,evaluation_started,2026-09-03T05:30:00Z,treatment,,,,tal-2026-10
a-e00609,a-acct-070,a-acct-070-l5,learner_invited,2026-09-03T05:38:00Z,control,,,,tal-2026-10
a-e00205,a-acct-027,a-acct-027-l1,learner_invited,2026-09-03T05:45:00Z,treatment,,,,tal-2026-10
a-e00046,a-acct-006,a-acct-006-l1,learner_invited,2026-09-03T05:48:00Z,treatment,,,,tal-2026-10
a-e00878,a-acct-096,a-acct-096-l3,learner_invited,2026-09-03T06:17:00Z,treatment,,,,tal-2026-10
a-e00608,a-acct-070,a-acct-070-l4,learner_invited,2026-09-03T06:22:00Z,control,,,,tal-2026-10
a-e02163,a-acct-233,,goal_selected,2026-09-03T06:32:00Z,treatment,goal-cloud-foundations,,,tal-2026-10
a-e01883,a-acct-200,a-acct-200-l1,learner_invited,2026-09-03T06:53:00Z,treatment,,,,tal-2026-10
a-e00604,a-acct-070,a-acct-070-l3,learner_invited,2026-09-03T06:54:00Z,control,,,,tal-2026-10
a-e02118,a-acct-227,a-acct-227-l2,learner_invited,2026-09-03T06:56:00Z,treatment,,,,tal-2026-10
a-e01515,a-acct-161,a-acct-161-l2,learner_invited,2026-09-03T07:00:00Z,control,,,,tal-2026-10
a-e01517,a-acct-161,a-acct-161-l3,learner_invited,2026-09-03T07:04:00Z,control,,,,tal-2026-10
a-e02164,a-acct-233,,plan_created,2026-09-03T07:28:00Z,treatment,goal-cloud-foundations,a-acct-233-proof-7d,,tal-2026-10
a-e00683,a-acct-077,a-acct-077-l3,learner_invited,2026-09-03T07:49:00Z,treatment,,,,tal-2026-10
a-e01547,a-acct-165,,plan_created,2026-09-03T07:52:00Z,control,,a-acct-165-generic,,tal-2026-10
a-e02791,a-acct-295,,plan_created,2026-09-16T22:36:00Z,treatment,goal-incident-response,a-acct-295-proof-7d,,tal-2026-10
a-e02166,a-acct-233,a-acct-233-l2,learner_invited,2026-09-03T08:18:00Z,treatment,,,,tal-2026-10
a-e01011,a-acct-112,a-acct-112-l1,learner_invited,2026-09-03T08:21:00Z,treatment,,,,tal-2026-10
a-e00571,a-acct-065,a-acct-065-l3,lab_started,2026-09-03T08:45:00Z,control,,,lab-synthetic-2,tal-2026-10
a-e00401,a-acct-050,,plan_created,2026-09-03T09:12:00Z,treatment,goal-soc-onboarding,a-acct-050-proof-7d,,tal-2026-10
a-e00601,a-acct-070,a-acct-070-l1,learner_invited,2026-09-03T09:19:00Z,control,,,,tal-2026-10
a-e02135,a-acct-229,a-acct-229-l2,learner_invited,2026-09-03T09:21:00Z,treatment,,,,tal-2026-10
a-e00875,a-acct-096,a-acct-096-l2,learner_invited,2026-09-03T09:26:00Z,treatment,,,,tal-2026-10
a-e01012,a-acct-112,a-acct-112-l1,invite_accepted,2026-09-03T09:41:00Z,treatment,,,,tal-2026-10
a-e00403,a-acct-050,a-acct-050-l2,learner_invited,2026-09-03T09:49:00Z,treatment,,,,tal-2026-10
a-e00714,a-acct-080,a-acct-080-l1,invite_accepted,2026-09-03T09:57:00Z,control,,,,tal-2026-10
a-e01398,a-acct-147,a-acct-147-l3,learner_invited,2026-09-03T10:01:00Z,treatment,,,,tal-2026-10
a-e00679,a-acct-077,a-acct-077-l1,learner_invited,2026-09-03T10:32:00Z,treatment,,,,tal-2026-10
a-e00575,a-acct-065,a-acct-065-l4,lab_started,2026-09-03T12:10:00Z,control,,,lab-synthetic-6,tal-2026-10
a-e01548,a-acct-165,a-acct-165-l1,learner_invited,2026-09-03T12:17:00Z,control,,,,tal-2026-10
a-e01512,a-acct-161,a-acct-161-l1,invite_accepted,2026-09-03T12:24:00Z,control,,,,tal-2026-10
a-e02133,a-acct-229,a-acct-229-l1,learner_invited,2026-09-03T12:44:00Z,treatment,,,,tal-2026-10
a-e02126,a-acct-227,a-acct-227-l4,invite_accepted,2026-09-03T13:45:00Z,treatment,,,,tal-2026-10
a-e01113,a-acct-122,a-acct-122-l3,lab_started,2026-09-03T13:50:00Z,control,,,lab-synthetic-3,tal-2026-10
a-e02114,a-acct-227,a-acct-227-l1,learner_invited,2026-09-03T14:07:00Z,treatment,,,,tal-2026-10
a-e00047,a-acct-006,a-acct-006-l1,invite_accepted,2026-09-03T14:12:00Z,treatment,,,,tal-2026-10
a-e01551,a-acct-165,a-acct-165-l2,learner_invited,2026-09-03T14:27:00Z,control,,,,tal-2026-10
a-e00881,a-acct-096,a-acct-096-l4,learner_invited,2026-09-03T15:18:00Z,treatment,,,,tal-2026-10
a-e00369,a-acct-048,,evaluation_started,2026-09-03T15:54:00Z,treatment,,,,tal-2026-10
a-e00568,a-acct-065,a-acct-065-l2,invite_accepted,2026-09-03T16:13:00Z,control,,,,tal-2026-10
a-e00885,a-acct-096,a-acct-096-l5,learner_invited,2026-09-03T16:25:00Z,treatment,,,,tal-2026-10
a-e00967,a-acct-107,a-acct-107-l2,invite_accepted,2026-09-03T16:49:00Z,control,,,,tal-2026-10
a-e00370,a-acct-048,,goal_selected,2026-09-03T16:55:00Z,treatment,goal-cloud-foundations,,,tal-2026-10
a-e01549,a-acct-165,a-acct-165-l1,invite_accepted,2026-09-03T17:33:00Z,control,,,,tal-2026-10
a-e02317,a-acct-249,,evaluation_started,2026-09-03T17:37:00Z,treatment,,,,tal-2026-10
a-e00383,a-acct-048,a-acct-048-l4,learner_invited,2026-09-03T17:50:00Z,treatment,,,,tal-2026-10
a-e01025,a-acct-112,a-acct-112-l5,invite_accepted,2026-09-03T17:51:00Z,treatment,,,,tal-2026-10
a-e02318,a-acct-249,,goal_selected,2026-09-03T17:51:00Z,treatment,goal-incident-response,,,tal-2026-10
a-e00206,a-acct-027,a-acct-027-l1,invite_accepted,2026-09-03T18:19:00Z,treatment,,,,tal-2026-10
a-e00687,a-acct-077,a-acct-077-l4,learner_invited,2026-09-03T18:20:00Z,treatment,,,,tal-2026-10
a-e00968,a-acct-107,a-acct-107-l2,lab_started,2026-09-03T18:28:00Z,control,,,lab-synthetic-1,tal-2026-10
a-e01891,a-acct-201,a-acct-201-l1,invite_accepted,2026-09-03T18:58:00Z,treatment,,,,tal-2026-10
a-e00716,a-acct-080,a-acct-080-l2,invite_accepted,2026-09-03T19:09:00Z,control,,,,tal-2026-10
a-e01262,a-acct-138,,plan_created,2026-09-03T19:32:00Z,control,,a-acct-138-generic,,tal-2026-10
a-e00371,a-acct-048,,plan_created,2026-09-03T19:44:00Z,treatment,goal-cloud-foundations,a-acct-048-proof-7d,,tal-2026-10
a-e00602,a-acct-070,a-acct-070-l1,invite_accepted,2026-09-03T20:38:00Z,control,,,,tal-2026-10
a-e00872,a-acct-096,a-acct-096-l1,learner_invited,2026-09-03T21:29:00Z,treatment,,,,tal-2026-10
a-e02115,a-acct-227,a-acct-227-l1,invite_accepted,2026-09-03T22:08:00Z,treatment,,,,tal-2026-10
a-e01021,a-acct-112,a-acct-112-l4,invite_accepted,2026-09-03T22:16:00Z,treatment,,,,tal-2026-10
a-e02367,a-acct-252,,evaluation_started,2026-09-03T22:20:00Z,treatment,,,,tal-2026-10
a-e02119,a-acct-227,a-acct-227-l2,invite_accepted,2026-09-03T22:23:00Z,treatment,,,,tal-2026-10
a-e00682,a-acct-077,a-acct-077-l2,learner_invited,2026-09-03T22:41:00Z,treatment,,,,tal-2026-10
a-e02368,a-acct-252,,goal_selected,2026-09-03T23:15:00Z,treatment,goal-incident-response,,,tal-2026-10
a-e01013,a-acct-112,a-acct-112-l1,lab_started,2026-09-03T23:24:00Z,treatment,,,lab-synthetic-5,tal-2026-10
a-e01263,a-acct-138,a-acct-138-l1,learner_invited,2026-09-03T23:25:00Z,control,,,,tal-2026-10
a-e02319,a-acct-249,,plan_created,2026-09-04T00:06:00Z,treatment,goal-incident-response,a-acct-249-proof-7d,,tal-2026-10
a-e01550,a-acct-165,a-acct-165-l1,lab_started,2026-09-04T00:10:00Z,control,,,lab-synthetic-6,tal-2026-10
a-e02369,a-acct-252,,plan_created,2026-09-04T00:11:00Z,treatment,goal-incident-response,a-acct-252-proof-7d,,tal-2026-10
a-e01108,a-acct-122,a-acct-122-l1,invite_accepted,2026-09-04T00:15:00Z,control,,,,tal-2026-10
a-e00688,a-acct-078,,evaluation_started,2026-09-04T00:37:00Z,treatment,,,,tal-2026-10
a-e02446,a-acct-260,,plan_created,2026-09-04T00:40:00Z,control,,a-acct-260-generic,,tal-2026-10
a-e02372,a-acct-252,a-acct-252-l3,learner_invited,2026-09-04T01:02:00Z,treatment,,,,tal-2026-10
a-e01397,a-acct-147,a-acct-147-l2,invite_accepted,2026-09-04T01:23:00Z,treatment,,,,tal-2026-10
a-e00499,a-acct-057,a-acct-057-l5,learner_invited,2026-09-04T01:30:00Z,control,,,,tal-2026-10
a-e00689,a-acct-078,,goal_selected,2026-09-04T01:36:00Z,treatment,goal-cloud-foundations,,,tal-2026-10
a-e01022,a-acct-112,a-acct-112-l4,lab_started,2026-09-04T02:24:00Z,treatment,,,lab-synthetic-6,tal-2026-10
a-e02321,a-acct-249,a-acct-249-l2,learner_invited,2026-09-04T02:31:00Z,treatment,,,,tal-2026-10
a-e00701,a-acct-079,a-acct-079-l1,invite_accepted,2026-09-04T02:46:00Z,treatment,,,,tal-2026-10
a-e02167,a-acct-233,a-acct-233-l3,learner_invited,2026-09-04T02:55:00Z,treatment,,,,tal-2026-10
a-e00376,a-acct-048,a-acct-048-l2,learner_invited,2026-09-04T03:38:00Z,treatment,,,,tal-2026-10
a-e00402,a-acct-050,a-acct-050-l1,learner_invited,2026-09-04T03:40:00Z,treatment,,,,tal-2026-10
a-e00717,a-acct-080,a-acct-080-l2,lab_started,2026-09-04T04:20:00Z,control,,,lab-synthetic-5,tal-2026-10
a-e00487,a-acct-057,,plan_created,2026-09-04T04:38:00Z,control,,a-acct-057-generic,,tal-2026-10
a-e02325,a-acct-249,a-acct-249-l5,learner_invited,2026-09-04T04:49:00Z,treatment,,,,tal-2026-10
a-e00406,a-acct-050,a-acct-050-l3,learner_invited,2026-09-04T04:56:00Z,treatment,,,,tal-2026-10
a-e02138,a-acct-229,a-acct-229-l3,lab_started,2026-09-04T04:56:00Z,treatment,,,lab-synthetic-6,tal-2026-10
a-e00873,a-acct-096,a-acct-096-l1,invite_accepted,2026-09-04T05:31:00Z,treatment,,,,tal-2026-10
a-e00384,a-acct-048,a-acct-048-l4,invite_accepted,2026-09-04T05:34:00Z,treatment,,,,tal-2026-10
a-e02134,a-acct-229,a-acct-229-l1,learner_opted_out,2026-09-04T06:06:00Z,treatment,,,,tal-2026-10
a-e02451,a-acct-260,a-acct-260-l4,learner_invited,2026-09-04T06:20:00Z,control,,,,tal-2026-10
a-e02371,a-acct-252,a-acct-252-l2,learner_invited,2026-09-04T06:32:00Z,treatment,,,,tal-2026-10
a-e00488,a-acct-057,a-acct-057-l1,learner_invited,2026-09-04T06:44:00Z,control,,,,tal-2026-10
a-e00690,a-acct-078,,plan_created,2026-09-04T06:50:00Z,treatment,goal-cloud-foundations,a-acct-078-proof-7d,,tal-2026-10
a-e01518,a-acct-161,a-acct-161-l3,invite_accepted,2026-09-04T07:10:00Z,control,,,,tal-2026-10
a-e00366,a-acct-045,,evaluation_started,2026-09-04T07:39:00Z,control,,,,tal-2026-10
a-e00667,a-acct-076,,evaluation_started,2026-09-04T08:08:00Z,control,,,,tal-2026-10
a-e00436,a-acct-053,,evaluation_started,2026-09-04T08:36:00Z,control,,,,tal-2026-10
a-e01394,a-acct-147,a-acct-147-l1,invite_accepted,2026-09-04T08:38:00Z,treatment,,,,tal-2026-10
a-e00576,a-acct-065,a-acct-065-l4,meaningful_lab_completed,2026-09-04T08:51:00Z,control,,,lab-synthetic-6,tal-2026-10
a-e00879,a-acct-096,a-acct-096-l3,invite_accepted,2026-09-04T09:05:00Z,treatment,,,,tal-2026-10
a-e01246,a-acct-137,,evaluation_started,2026-09-04T09:06:00Z,control,,,,tal-2026-10
a-e01255,a-acct-137,a-acct-137-l4,learner_invited,2026-09-04T09:17:00Z,control,,,,tal-2026-10
a-e01267,a-acct-138,a-acct-138-l2,learner_invited,2026-09-04T09:17:00Z,control,,,,tal-2026-10
a-e01794,a-acct-193,,evaluation_started,2026-09-04T09:24:00Z,treatment,,,,tal-2026-10
a-e00357,a-acct-044,,evaluation_started,2026-09-04T09:51:00Z,control,,,,tal-2026-10
a-e01886,a-acct-200,a-acct-200-l3,invite_accepted,2026-09-04T09:56:00Z,treatment,,,,tal-2026-10
a-e01795,a-acct-193,,goal_selected,2026-09-04T10:07:00Z,treatment,goal-soc-onboarding,,,tal-2026-10
a-e00500,a-acct-057,a-acct-057-l5,invite_accepted,2026-09-04T10:11:00Z,control,,,,tal-2026-10
a-e00680,a-acct-077,a-acct-077-l1,invite_accepted,2026-09-04T10:44:00Z,treatment,,,,tal-2026-10
a-e00566,a-acct-065,a-acct-065-l1,meaningful_lab_completed,2026-09-04T10:48:00Z,control,,,lab-synthetic-6,tal-2026-10
a-e00876,a-acct-096,a-acct-096-l2,invite_accepted,2026-09-04T10:52:00Z,treatment,,,,tal-2026-10
a-e00668,a-acct-076,a-acct-076-l1,learner_invited,2026-09-04T11:12:00Z,control,,,,tal-2026-10
a-e01277,a-acct-138,a-acct-138-l5,learner_invited,2026-09-04T11:16:00Z,control,,,,tal-2026-10
a-e00605,a-acct-070,a-acct-070-l3,invite_accepted,2026-09-04T11:33:00Z,control,,,,tal-2026-10
a-e00671,a-acct-076,a-acct-076-l2,learner_invited,2026-09-04T11:48:00Z,control,,,,tal-2026-10
a-e01275,a-acct-138,a-acct-138-l4,learner_invited,2026-09-04T11:49:00Z,control,,,,tal-2026-10
a-e01017,a-acct-112,a-acct-112-l2,lab_started,2026-09-04T11:52:00Z,treatment,,,lab-synthetic-5,tal-2026-10
a-e01631,a-acct-174,,evaluation_started,2026-09-04T11:52:00Z,treatment,,,,tal-2026-10
a-e02450,a-acct-260,a-acct-260-l3,learner_invited,2026-09-04T12:01:00Z,control,,,,tal-2026-10
a-e01786,a-acct-191,,evaluation_started,2026-09-04T12:14:00Z,control,,,,tal-2026-10
a-e01516,a-acct-161,a-acct-161-l2,invite_accepted,2026-09-04T12:16:00Z,control,,,,tal-2026-10
a-e01632,a-acct-174,,goal_selected,2026-09-04T12:21:00Z,treatment,goal-soc-onboarding,,,tal-2026-10
a-e01247,a-acct-137,,plan_created,2026-09-04T12:25:00Z,control,,a-acct-137-generic,,tal-2026-10
a-e00492,a-acct-057,a-acct-057-l2,learner_invited,2026-09-04T12:27:00Z,control,,,,tal-2026-10
a-e00681,a-acct-077,a-acct-077-l1,lab_started,2026-09-04T12:29:00Z,treatment,,,lab-synthetic-2,tal-2026-10
a-e01271,a-acct-138,a-acct-138-l3,learner_invited,2026-09-04T12:55:00Z,control,,,,tal-2026-10
a-e01603,a-acct-171,,evaluation_started,2026-09-04T13:06:00Z,treatment,,,,tal-2026-10
a-e01796,a-acct-193,,plan_created,2026-09-04T13:09:00Z,treatment,goal-soc-onboarding,a-acct-193-proof-7d,,tal-2026-10
a-e02322,a-acct-249,a-acct-249-l3,learner_invited,2026-09-04T13:37:00Z,treatment,,,,tal-2026-10
a-e00703,a-acct-079,a-acct-079-l2,learner_invited,2026-09-04T13:41:00Z,treatment,,,,tal-2026-10
a-e01604,a-acct-171,,goal_selected,2026-09-04T13:44:00Z,treatment,goal-incident-response,,,tal-2026-10
a-e00672,a-acct-076,a-acct-076-l2,invite_accepted,2026-09-04T13:52:00Z,control,,,,tal-2026-10
a-e02320,a-acct-249,a-acct-249-l1,learner_invited,2026-09-04T13:56:00Z,treatment,,,,tal-2026-10
a-e01424,a-acct-151,a-acct-151-l1,meaningful_lab_completed,2026-09-04T14:13:00Z,treatment,,,lab-synthetic-1,tal-2026-10
a-e02692,a-acct-284,,evaluation_started,2026-09-04T14:16:00Z,treatment,,,,tal-2026-10
a-e02736,a-acct-290,,evaluation_started,2026-09-04T14:18:00Z,treatment,,,,tal-2026-10
a-e00437,a-acct-053,,plan_created,2026-09-04T14:29:00Z,control,,a-acct-053-generic,,tal-2026-10
a-e00684,a-acct-077,a-acct-077-l3,invite_accepted,2026-09-04T14:37:00Z,treatment,,,,tal-2026-10
a-e02284,a-acct-245,,evaluation_started,2026-09-04T14:52:00Z,treatment,,,,tal-2026-10
a-e00379,a-acct-048,a-acct-048-l3,learner_invited,2026-09-04T15:07:00Z,treatment,,,,tal-2026-10
a-e02737,a-acct-290,,goal_selected,2026-09-04T15:11:00Z,treatment,goal-soc-onboarding,,,tal-2026-10
a-e02693,a-acct-284,,goal_selected,2026-09-04T15:18:00Z,treatment,goal-cloud-foundations,,,tal-2026-10
a-e00479,a-acct-056,a-acct-056-l3,lab_started,2026-09-11T20:46:00Z,treatment,,,lab-synthetic-3,tal-2026-10
a-e01395,a-acct-147,a-acct-147-l1,lab_started,2026-09-04T15:35:00Z,treatment,,,lab-synthetic-6,tal-2026-10
a-e00404,a-acct-050,a-acct-050-l2,invite_accepted,2026-09-04T15:38:00Z,treatment,,,,tal-2026-10
a-e00620,a-acct-072,,evaluation_started,2026-09-04T15:38:00Z,control,,,,tal-2026-10
a-e02123,a-acct-227,a-acct-227-l3,invite_accepted,2026-09-04T15:44:00Z,treatment,,,,tal-2026-10
a-e02285,a-acct-245,,goal_selected,2026-09-04T15:53:00Z,treatment,goal-cloud-foundations,,,tal-2026-10
a-e01605,a-acct-171,,plan_created,2026-09-04T15:54:00Z,treatment,goal-incident-response,a-acct-171-proof-7d,,tal-2026-10
a-e02370,a-acct-252,a-acct-252-l1,learner_invited,2026-09-04T16:00:00Z,treatment,,,,tal-2026-10
a-e02448,a-acct-260,a-acct-260-l2,learner_invited,2026-09-04T16:17:00Z,control,,,,tal-2026-10
a-e00445,a-acct-053,a-acct-053-l4,learner_invited,2026-09-04T16:19:00Z,control,,,,tal-2026-10
a-e00498,a-acct-057,a-acct-057-l4,learner_invited,2026-09-04T16:33:00Z,control,,,,tal-2026-10
a-e02286,a-acct-245,,plan_created,2026-09-04T16:58:00Z,treatment,goal-cloud-foundations,a-acct-245-proof-7d,,tal-2026-10
a-e02374,a-acct-252,a-acct-252-l4,learner_invited,2026-09-04T17:05:00Z,treatment,,,,tal-2026-10
a-e02694,a-acct-284,,plan_created,2026-09-04T17:07:00Z,treatment,goal-cloud-foundations,a-acct-284-proof-7d,,tal-2026-10
a-e02373,a-acct-252,a-acct-252-l3,invite_accepted,2026-09-04T17:08:00Z,treatment,,,,tal-2026-10
a-e01018,a-acct-112,a-acct-112-l2,meaningful_lab_completed,2026-09-04T17:18:00Z,treatment,,,lab-synthetic-5,tal-2026-10
a-e00407,a-acct-050,a-acct-050-l3,invite_accepted,2026-09-04T17:23:00Z,treatment,,,,tal-2026-10
a-e02323,a-acct-249,a-acct-249-l4,learner_invited,2026-09-04T17:51:00Z,treatment,,,,tal-2026-10
a-e00606,a-acct-070,a-acct-070-l3,lab_started,2026-09-04T17:52:00Z,control,,,lab-synthetic-1,tal-2026-10
a-e02738,a-acct-290,,plan_created,2026-09-04T17:53:00Z,treatment,goal-soc-onboarding,a-acct-290-proof-7d,,tal-2026-10
a-e01633,a-acct-174,,plan_created,2026-09-04T18:10:00Z,treatment,goal-soc-onboarding,a-acct-174-proof-7d,,tal-2026-10
a-e00621,a-acct-073,,evaluation_started,2026-09-04T18:13:00Z,control,,,,tal-2026-10
a-e02161,a-acct-232,,evaluation_started,2026-09-04T18:20:00Z,control,,,,tal-2026-10
a-e02290,a-acct-245,a-acct-245-l3,learner_invited,2026-09-04T18:23:00Z,treatment,,,,tal-2026-10
a-e00691,a-acct-078,a-acct-078-l1,learner_invited,2026-09-04T18:24:00Z,treatment,,,,tal-2026-10
a-e01805,a-acct-193,a-acct-193-l3,learner_invited,2026-09-04T19:01:00Z,treatment,,,,tal-2026-10
a-e02127,a-acct-227,a-acct-227-l4,lab_started,2026-09-04T19:01:00Z,treatment,,,lab-synthetic-4,tal-2026-10
a-e02120,a-acct-227,a-acct-227-l2,lab_started,2026-09-04T19:18:00Z,treatment,,,lab-synthetic-1,tal-2026-10
a-e02447,a-acct-260,a-acct-260-l1,learner_invited,2026-09-04T19:20:00Z,control,,,,tal-2026-10
a-e00709,a-acct-079,a-acct-079-l4,learner_invited,2026-09-04T19:21:00Z,treatment,,,,tal-2026-10
a-e00705,a-acct-079,a-acct-079-l3,learner_invited,2026-09-04T19:43:00Z,treatment,,,,tal-2026-10
a-e02697,a-acct-284,a-acct-284-l2,learner_invited,2026-09-04T19:49:00Z,treatment,,,,tal-2026-10
a-e00694,a-acct-078,a-acct-078-l4,learner_invited,2026-09-04T20:05:00Z,treatment,,,,tal-2026-10
a-e01253,a-acct-137,a-acct-137-l3,learner_invited,2026-09-04T20:19:00Z,control,,,,tal-2026-10
a-e00693,a-acct-078,a-acct-078-l3,learner_invited,2026-09-04T20:21:00Z,treatment,,,,tal-2026-10
a-e00639,a-acct-073,a-acct-073-l5,learner_invited,2026-09-04T20:30:00Z,control,,,,tal-2026-10
a-e00368,a-acct-047,,evaluation_started,2026-09-04T21:03:00Z,control,,,,tal-2026-10
a-e01513,a-acct-161,a-acct-161-l1,lab_started,2026-09-04T21:36:00Z,control,,,lab-synthetic-6,tal-2026-10
a-e00640,a-acct-073,a-acct-073-l5,invite_accepted,2026-09-04T21:50:00Z,control,,,,tal-2026-10
a-e00692,a-acct-078,a-acct-078-l2,learner_invited,2026-09-04T21:54:00Z,treatment,,,,tal-2026-10
a-e01155,a-acct-127,,evaluation_started,2026-09-04T21:55:00Z,treatment,,,,tal-2026-10
a-e00496,a-acct-057,a-acct-057-l3,learner_invited,2026-09-04T22:03:00Z,control,,,,tal-2026-10
a-e00541,a-acct-064,,evaluation_started,2026-09-04T22:11:00Z,treatment,,,,tal-2026-10
a-e01156,a-acct-127,,goal_selected,2026-09-04T22:23:00Z,treatment,goal-soc-onboarding,,,tal-2026-10
a-e00696,a-acct-078,a-acct-078-l5,learner_invited,2026-09-04T22:40:00Z,treatment,,,,tal-2026-10
a-e02449,a-acct-260,a-acct-260-l2,learner_opted_out,2026-09-04T22:51:00Z,control,,,,tal-2026-10
a-e00542,a-acct-064,,goal_selected,2026-09-04T22:52:00Z,treatment,goal-web-app-testing,,,tal-2026-10
a-e00622,a-acct-073,,plan_created,2026-09-04T22:58:00Z,control,,a-acct-073-generic,,tal-2026-10
a-e00635,a-acct-073,a-acct-073-l4,learner_invited,2026-09-04T23:27:00Z,control,,,,tal-2026-10
a-e01809,a-acct-193,a-acct-193-l4,learner_invited,2026-09-04T23:31:00Z,treatment,,,,tal-2026-10
a-e00882,a-acct-096,a-acct-096-l4,invite_accepted,2026-09-04T23:37:00Z,treatment,,,,tal-2026-10
a-e00497,a-acct-057,a-acct-057-l3,invite_accepted,2026-09-05T00:17:00Z,control,,,,tal-2026-10
a-e01606,a-acct-171,a-acct-171-l1,learner_invited,2026-09-05T00:20:00Z,treatment,,,,tal-2026-10
a-e02815,a-acct-298,,evaluation_started,2026-09-05T00:22:00Z,treatment,,,,tal-2026-10
a-e00631,a-acct-073,a-acct-073-l3,learner_invited,2026-09-05T00:41:00Z,control,,,,tal-2026-10
a-e02116,a-acct-227,a-acct-227-l1,lab_started,2026-09-05T00:54:00Z,treatment,,,lab-synthetic-4,tal-2026-10
a-e00385,a-acct-048,a-acct-048-l4,lab_started,2026-09-05T01:04:00Z,treatment,,,lab-synthetic-1,tal-2026-10
a-e00607,a-acct-070,a-acct-070-l3,meaningful_lab_completed,2026-09-05T01:04:00Z,control,,,lab-synthetic-1,tal-2026-10
a-e01248,a-acct-137,a-acct-137-l1,learner_invited,2026-09-05T01:08:00Z,control,,,,tal-2026-10
a-e02816,a-acct-298,,goal_selected,2026-09-05T01:12:00Z,treatment,goal-soc-onboarding,,,tal-2026-10
a-e00543,a-acct-064,,plan_created,2026-09-05T01:17:00Z,treatment,goal-web-app-testing,a-acct-064-proof-7d,,tal-2026-10
a-e01519,a-acct-161,a-acct-161-l3,lab_started,2026-09-05T01:36:00Z,control,,,lab-synthetic-4,tal-2026-10
a-e01801,a-acct-193,a-acct-193-l2,learner_invited,2026-09-05T01:36:00Z,treatment,,,,tal-2026-10
a-e00548,a-acct-064,a-acct-064-l2,learner_invited,2026-09-05T01:51:00Z,treatment,,,,tal-2026-10
a-e02743,a-acct-290,a-acct-290-l2,learner_invited,2026-09-05T01:54:00Z,treatment,,,,tal-2026-10
a-e01250,a-acct-137,a-acct-137-l2,learner_invited,2026-09-05T01:56:00Z,control,,,,tal-2026-10
a-e01644,a-acct-174,a-acct-174-l4,learner_invited,2026-09-05T02:06:00Z,treatment,,,,tal-2026-10
a-e00877,a-acct-096,a-acct-096-l2,lab_started,2026-09-05T02:08:00Z,treatment,,,lab-synthetic-2,tal-2026-10
a-e02244,a-acct-242,,evaluation_started,2026-09-05T02:10:00Z,treatment,,,,tal-2026-10
a-e02287,a-acct-245,a-acct-245-l1,learner_invited,2026-09-05T02:13:00Z,treatment,,,,tal-2026-10
a-e01257,a-acct-137,a-acct-137-l5,learner_invited,2026-09-05T02:34:00Z,control,,,,tal-2026-10
a-e02245,a-acct-242,,goal_selected,2026-09-05T02:49:00Z,treatment,goal-soc-onboarding,,,tal-2026-10
a-e01634,a-acct-174,a-acct-174-l1,learner_invited,2026-09-05T03:06:00Z,treatment,,,,tal-2026-10
a-e00438,a-acct-053,a-acct-053-l1,learner_invited,2026-09-05T03:20:00Z,control,,,,tal-2026-10
a-e00489,a-acct-057,a-acct-057-l1,invite_accepted,2026-09-05T03:32:00Z,control,,,,tal-2026-10
a-e02700,a-acct-284,a-acct-284-l4,learner_invited,2026-09-05T03:42:00Z,treatment,,,,tal-2026-10
a-e01157,a-acct-127,,plan_created,2026-09-05T03:55:00Z,treatment,goal-soc-onboarding,a-acct-127-proof-7d,,tal-2026-10
a-e02288,a-acct-245,a-acct-245-l1,invite_accepted,2026-09-05T03:56:00Z,treatment,,,,tal-2026-10
a-e01797,a-acct-193,a-acct-193-l1,learner_invited,2026-09-05T04:21:00Z,treatment,,,,tal-2026-10
a-e02817,a-acct-298,,plan_created,2026-09-05T04:24:00Z,treatment,goal-soc-onboarding,a-acct-298-proof-7d,,tal-2026-10
a-e00455,a-acct-055,,plan_created,2026-09-14T19:26:00Z,treatment,goal-cloud-foundations,a-acct-055-proof-7d,,tal-2026-10
a-e02010,a-acct-216,,evaluation_started,2026-09-05T04:56:00Z,control,,,,tal-2026-10
a-e00886,a-acct-096,a-acct-096-l5,invite_accepted,2026-09-05T05:05:00Z,treatment,,,,tal-2026-10
a-e02326,a-acct-249,a-acct-249-l5,learner_opted_out,2026-09-05T05:06:00Z,treatment,,,,tal-2026-10
a-e02699,a-acct-284,a-acct-284-l3,learner_invited,2026-09-05T05:13:00Z,treatment,,,,tal-2026-10
a-e02121,a-acct-227,a-acct-227-l2,meaningful_lab_completed,2026-09-05T05:15:00Z,treatment,,,lab-synthetic-1,tal-2026-10
a-e01813,a-acct-193,a-acct-193-l5,learner_invited,2026-09-05T05:25:00Z,treatment,,,,tal-2026-10
a-e00883,a-acct-096,a-acct-096-l4,lab_started,2026-09-05T05:32:00Z,treatment,,,lab-synthetic-6,tal-2026-10
a-e01648,a-acct-174,a-acct-174-l5,learner_invited,2026-09-05T05:37:00Z,treatment,,,,tal-2026-10
a-e00669,a-acct-076,a-acct-076-l1,invite_accepted,2026-09-05T06:20:00Z,control,,,,tal-2026-10
a-e01268,a-acct-138,a-acct-138-l2,invite_accepted,2026-09-05T06:22:00Z,control,,,,tal-2026-10
a-e01802,a-acct-193,a-acct-193-l2,invite_accepted,2026-09-05T07:13:00Z,treatment,,,,tal-2026-10
a-e02289,a-acct-245,a-acct-245-l2,learner_invited,2026-09-05T07:19:00Z,treatment,,,,tal-2026-10
a-e02246,a-acct-242,,plan_created,2026-09-05T07:25:00Z,treatment,goal-soc-onboarding,a-acct-242-proof-7d,,tal-2026-10
a-e01095,a-acct-121,,evaluation_started,2026-09-05T07:31:00Z,treatment,,,,tal-2026-10
a-e01109,a-acct-122,a-acct-122-l1,lab_started,2026-09-05T07:44:00Z,control,,,lab-synthetic-1,tal-2026-10
a-e00378,a-acct-048,a-acct-048-l2,lab_started,2026-09-05T07:51:00Z,treatment,,,lab-synthetic-6,tal-2026-10
a-e02251,a-acct-242,a-acct-242-l2,learner_invited,2026-09-05T07:52:00Z,treatment,,,,tal-2026-10
a-e00444,a-acct-053,a-acct-053-l3,learner_invited,2026-09-05T08:14:00Z,control,,,,tal-2026-10
a-e01254,a-acct-137,a-acct-137-l3,invite_accepted,2026-09-05T08:18:00Z,control,,,,tal-2026-10
a-e00623,a-acct-073,a-acct-073-l1,learner_invited,2026-09-05T08:20:00Z,control,,,,tal-2026-10
a-e01096,a-acct-121,,goal_selected,2026-09-05T08:28:00Z,treatment,goal-cloud-foundations,,,tal-2026-10
a-e02739,a-acct-290,a-acct-290-l1,learner_invited,2026-09-05T08:36:00Z,treatment,,,,tal-2026-10
a-e01640,a-acct-174,a-acct-174-l3,learner_invited,2026-09-05T08:48:00Z,treatment,,,,tal-2026-10
a-e00706,a-acct-079,a-acct-079-l3,invite_accepted,2026-09-05T09:00:00Z,treatment,,,,tal-2026-10
a-e01249,a-acct-137,a-acct-137-l1,learner_opted_out,2026-09-05T09:03:00Z,control,,,,tal-2026-10
a-e02695,a-acct-284,a-acct-284-l1,learner_invited,2026-09-05T09:07:00Z,treatment,,,,tal-2026-10
a-e01276,a-acct-138,a-acct-138-l4,learner_opted_out,2026-09-05T09:21:00Z,control,,,,tal-2026-10
a-e02018,a-acct-216,a-acct-216-l4,learner_invited,2026-09-05T09:24:00Z,control,,,,tal-2026-10
a-e01610,a-acct-171,a-acct-171-l2,learner_invited,2026-09-05T09:46:00Z,treatment,,,,tal-2026-10
a-e00874,a-acct-096,a-acct-096-l1,lab_started,2026-09-05T09:56:00Z,treatment,,,lab-synthetic-1,tal-2026-10
a-e00624,a-acct-073,a-acct-073-l1,invite_accepted,2026-09-05T09:57:00Z,control,,,,tal-2026-10
a-e01077,a-acct-117,,evaluation_started,2026-09-05T10:08:00Z,control,,,,tal-2026-10
a-e00440,a-acct-053,a-acct-053-l2,learner_invited,2026-09-05T10:17:00Z,control,,,,tal-2026-10
a-e00710,a-acct-079,a-acct-079-l4,invite_accepted,2026-09-05T10:32:00Z,treatment,,,,tal-2026-10
a-e00552,a-acct-064,a-acct-064-l3,learner_invited,2026-09-05T10:43:00Z,treatment,,,,tal-2026-10
a-e00884,a-acct-096,a-acct-096-l4,meaningful_lab_completed,2026-09-05T10:43:00Z,treatment,,,lab-synthetic-6,tal-2026-10
a-e02012,a-acct-216,a-acct-216-l1,learner_invited,2026-09-05T10:44:00Z,control,,,,tal-2026-10
a-e01097,a-acct-121,,plan_created,2026-09-05T10:54:00Z,treatment,goal-cloud-foundations,a-acct-121-proof-7d,,tal-2026-10
a-e02066,a-acct-221,,evaluation_started,2026-09-05T10:59:00Z,treatment,,,,tal-2026-10
a-e00702,a-acct-079,a-acct-079-l1,lab_started,2026-09-05T11:19:00Z,treatment,,,lab-synthetic-2,tal-2026-10
a-e00358,a-acct-044,,plan_created,2026-09-05T11:29:00Z,control,,a-acct-044-generic,,tal-2026-10
a-e00493,a-acct-057,a-acct-057-l2,invite_accepted,2026-09-05T11:33:00Z,control,,,,tal-2026-10
a-e02067,a-acct-221,,goal_selected,2026-09-05T11:47:00Z,treatment,goal-web-app-testing,,,tal-2026-10
a-e00359,a-acct-044,a-acct-044-l1,learner_invited,2026-09-05T12:08:00Z,control,,,,tal-2026-10
a-e02375,a-acct-252,a-acct-252-l4,invite_accepted,2026-09-05T12:29:00Z,treatment,,,,tal-2026-10
a-e02011,a-acct-216,,plan_created,2026-09-05T12:39:00Z,control,,a-acct-216-generic,,tal-2026-10
a-e00490,a-acct-057,a-acct-057-l1,lab_started,2026-09-05T12:50:00Z,control,,,lab-synthetic-6,tal-2026-10
a-e00572,a-acct-065,a-acct-065-l3,meaningful_lab_completed,2026-09-05T12:50:00Z,control,,,lab-synthetic-2,tal-2026-10
a-e01264,a-acct-138,a-acct-138-l1,invite_accepted,2026-09-05T12:55:00Z,control,,,,tal-2026-10
a-e00386,a-acct-048,a-acct-048-l4,meaningful_lab_completed,2026-09-05T13:15:00Z,treatment,,,lab-synthetic-1,tal-2026-10
a-e02068,a-acct-221,,plan_created,2026-09-05T13:21:00Z,treatment,goal-web-app-testing,a-acct-221-proof-7d,,tal-2026-10
a-e01994,a-acct-213,,evaluation_started,2026-09-05T13:34:00Z,control,,,,tal-2026-10
a-e02220,a-acct-239,,evaluation_started,2026-09-05T13:37:00Z,treatment,,,,tal-2026-10
a-e00695,a-acct-078,a-acct-078-l4,invite_accepted,2026-09-05T13:38:00Z,treatment,,,,tal-2026-10
a-e01636,a-acct-174,a-acct-174-l2,learner_invited,2026-09-05T13:45:00Z,treatment,,,,tal-2026-10
a-e00627,a-acct-073,a-acct-073-l2,learner_invited,2026-09-05T13:51:00Z,control,,,,tal-2026-10
a-e01269,a-acct-138,a-acct-138-l2,lab_started,2026-09-05T13:58:00Z,control,,,lab-synthetic-2,tal-2026-10
a-e01014,a-acct-112,a-acct-112-l1,meaningful_lab_completed,2026-09-05T14:05:00Z,treatment,,,lab-synthetic-5,tal-2026-10
a-e01023,a-acct-112,a-acct-112-l4,meaningful_lab_completed,2026-09-05T14:06:00Z,treatment,,,lab-synthetic-6,tal-2026-10
a-e02819,a-acct-298,a-acct-298-l2,learner_invited,2026-09-05T14:18:00Z,treatment,,,,tal-2026-10
a-e01100,a-acct-121,a-acct-121-l2,learner_invited,2026-09-05T14:19:00Z,treatment,,,,tal-2026-10
a-e00880,a-acct-096,a-acct-096-l3,lab_started,2026-09-05T14:29:00Z,treatment,,,lab-synthetic-6,tal-2026-10
a-e02221,a-acct-239,,goal_selected,2026-09-05T14:32:00Z,treatment,goal-web-app-testing,,,tal-2026-10
a-e00697,a-acct-078,a-acct-078-l5,invite_accepted,2026-09-05T14:36:00Z,treatment,,,,tal-2026-10
a-e01806,a-acct-193,a-acct-193-l3,invite_accepted,2026-09-05T14:45:00Z,treatment,,,,tal-2026-10
a-e00628,a-acct-073,a-acct-073-l2,invite_accepted,2026-09-05T14:47:00Z,control,,,,tal-2026-10
a-e02744,a-acct-290,a-acct-290-l2,invite_accepted,2026-09-05T14:52:00Z,treatment,,,,tal-2026-10
a-e02253,a-acct-242,a-acct-242-l3,learner_invited,2026-09-05T15:12:00Z,treatment,,,,tal-2026-10
a-e02696,a-acct-284,a-acct-284-l1,invite_accepted,2026-09-05T15:35:00Z,treatment,,,,tal-2026-10
a-e00544,a-acct-064,a-acct-064-l1,learner_invited,2026-09-05T15:48:00Z,treatment,,,,tal-2026-10
a-e00625,a-acct-073,a-acct-073-l1,lab_started,2026-09-05T15:57:00Z,control,,,lab-synthetic-5,tal-2026-10
a-e00685,a-acct-077,a-acct-077-l3,lab_started,2026-09-05T16:04:00Z,treatment,,,lab-synthetic-6,tal-2026-10
a-e02019,a-acct-216,a-acct-216-l5,learner_invited,2026-09-05T16:35:00Z,control,,,,tal-2026-10
a-e00887,a-acct-096,a-acct-096-l5,lab_started,2026-09-05T16:37:00Z,treatment,,,lab-synthetic-5,tal-2026-10
a-e02698,a-acct-284,a-acct-284-l2,invite_accepted,2026-09-05T16:53:00Z,treatment,,,,tal-2026-10
a-e02452,a-acct-260,a-acct-260-l4,invite_accepted,2026-09-05T16:55:00Z,control,,,,tal-2026-10
a-e02324,a-acct-249,a-acct-249-l4,invite_accepted,2026-09-05T17:35:00Z,treatment,,,,tal-2026-10
a-e01447,a-acct-154,,evaluation_started,2026-09-05T17:44:00Z,control,,,,tal-2026-10
a-e02291,a-acct-245,a-acct-245-l3,invite_accepted,2026-09-05T17:50:00Z,treatment,,,,tal-2026-10
a-e00704,a-acct-079,a-acct-079-l2,invite_accepted,2026-09-05T18:03:00Z,treatment,,,,tal-2026-10
a-e00794,a-acct-089,,evaluation_started,2026-09-05T18:10:00Z,treatment,,,,tal-2026-10
a-e01166,a-acct-127,a-acct-127-l3,learner_invited,2026-09-05T18:16:00Z,treatment,,,,tal-2026-10
a-e01798,a-acct-193,a-acct-193-l1,invite_accepted,2026-09-05T18:16:00Z,treatment,,,,tal-2026-10
a-e02818,a-acct-298,a-acct-298-l1,learner_invited,2026-09-05T18:17:00Z,treatment,,,,tal-2026-10
a-e01158,a-acct-127,a-acct-127-l1,learner_invited,2026-09-05T18:22:00Z,treatment,,,,tal-2026-10
a-e01645,a-acct-174,a-acct-174-l4,invite_accepted,2026-09-05T18:25:00Z,treatment,,,,tal-2026-10
a-e00560,a-acct-064,a-acct-064-l5,learner_invited,2026-09-05T18:44:00Z,treatment,,,,tal-2026-10
a-e00556,a-acct-064,a-acct-064-l4,learner_invited,2026-09-05T19:04:00Z,treatment,,,,tal-2026-10
a-e00795,a-acct-089,,goal_selected,2026-09-05T19:15:00Z,treatment,goal-incident-response,,,tal-2026-10
a-e02257,a-acct-242,a-acct-242-l4,learner_invited,2026-09-05T19:18:00Z,treatment,,,,tal-2026-10
a-e00707,a-acct-079,a-acct-079-l3,lab_started,2026-09-05T19:29:00Z,treatment,,,lab-synthetic-6,tal-2026-10
a-e01278,a-acct-138,a-acct-138-l5,invite_accepted,2026-09-05T19:31:00Z,control,,,,tal-2026-10
a-e01258,a-acct-137,a-acct-137-l5,invite_accepted,2026-09-05T19:32:00Z,control,,,,tal-2026-10
a-e01290,a-acct-140,,evaluation_started,2026-09-05T19:41:00Z,control,,,,tal-2026-10
a-e01167,a-acct-127,a-acct-127-l3,invite_accepted,2026-09-05T20:09:00Z,treatment,,,,tal-2026-10
a-e01256,a-acct-137,a-acct-137-l4,invite_accepted,2026-09-05T20:18:00Z,control,,,,tal-2026-10
a-e01162,a-acct-127,a-acct-127-l2,learner_invited,2026-09-05T20:25:00Z,treatment,,,,tal-2026-10
a-e00362,a-acct-044,a-acct-044-l3,learner_invited,2026-09-05T20:46:00Z,control,,,,tal-2026-10
a-e01270,a-acct-138,a-acct-138-l2,meaningful_lab_completed,2026-09-05T21:00:00Z,control,,,lab-synthetic-2,tal-2026-10
a-e00373,a-acct-048,a-acct-048-l1,invite_accepted,2026-09-05T21:05:00Z,treatment,,,,tal-2026-10
a-e00501,a-acct-057,a-acct-057-l5,lab_started,2026-09-05T21:05:00Z,control,,,lab-synthetic-3,tal-2026-10
a-e01078,a-acct-117,,plan_created,2026-09-05T21:05:00Z,control,,a-acct-117-generic,,tal-2026-10
a-e00283,a-acct-037,,evaluation_started,2026-09-05T22:18:00Z,treatment,,,,tal-2026-10
a-e00861,a-acct-095,,evaluation_started,2026-09-05T22:27:00Z,control,,,,tal-2026-10
a-e00284,a-acct-037,,goal_selected,2026-09-05T22:42:00Z,treatment,goal-cloud-foundations,,,tal-2026-10
a-e01810,a-acct-193,a-acct-193-l4,invite_accepted,2026-09-05T23:00:00Z,treatment,,,,tal-2026-10
a-e02247,a-acct-242,a-acct-242-l1,learner_invited,2026-09-05T23:04:00Z,treatment,,,,tal-2026-10
a-e02124,a-acct-227,a-acct-227-l3,lab_started,2026-09-05T23:06:00Z,treatment,,,lab-synthetic-3,tal-2026-10
a-e00361,a-acct-044,a-acct-044-l2,learner_invited,2026-09-05T23:18:00Z,control,,,,tal-2026-10
a-e00796,a-acct-089,,plan_created,2026-09-05T23:36:00Z,treatment,goal-incident-response,a-acct-089-proof-7d,,tal-2026-10
a-e00545,a-acct-064,a-acct-064-l1,invite_accepted,2026-09-05T23:39:00Z,treatment,,,,tal-2026-10
a-e00675,a-acct-076,a-acct-076-l3,learner_invited,2026-09-05T23:44:00Z,control,,,,tal-2026-10
a-e01814,a-acct-193,a-acct-193-l5,invite_accepted,2026-09-05T23:48:00Z,treatment,,,,tal-2026-10
a-e00380,a-acct-048,a-acct-048-l3,invite_accepted,2026-09-06T00:16:00Z,treatment,,,,tal-2026-10
a-e02073,a-acct-221,a-acct-221-l2,learner_invited,2026-09-06T00:22:00Z,treatment,,,,tal-2026-10
a-e01103,a-acct-121,a-acct-121-l5,learner_invited,2026-09-06T00:27:00Z,treatment,,,,tal-2026-10
a-e00641,a-acct-073,a-acct-073-l5,lab_started,2026-09-06T00:45:00Z,control,,,lab-synthetic-6,tal-2026-10
a-e00285,a-acct-037,,plan_created,2026-09-06T00:46:00Z,treatment,goal-cloud-foundations,a-acct-037-proof-7d,,tal-2026-10
a-e01168,a-acct-127,a-acct-127-l3,lab_started,2026-09-06T01:07:00Z,treatment,,,lab-synthetic-5,tal-2026-10
a-e00673,a-acct-076,a-acct-076-l2,lab_started,2026-09-06T01:15:00Z,control,,,lab-synthetic-3,tal-2026-10
a-e01611,a-acct-172,,evaluation_started,2026-09-06T01:26:00Z,treatment,,,,tal-2026-10
a-e01607,a-acct-171,a-acct-171-l1,invite_accepted,2026-09-06T01:27:00Z,treatment,,,,tal-2026-10
a-e01448,a-acct-154,a-acct-154-l1,learner_invited,2026-09-06T01:33:00Z,control,,,,tal-2026-10
a-e02095,a-acct-225,,evaluation_started,2026-09-06T01:40:00Z,control,,,,tal-2026-10
a-e01578,a-acct-169,a-acct-169-l2,invite_accepted,2026-09-17T12:58:00Z,control,,,,tal-2026-10
a-e01101,a-acct-121,a-acct-121-l3,learner_invited,2026-09-06T01:56:00Z,treatment,,,,tal-2026-10
a-e02735,a-acct-289,,evaluation_started,2026-09-06T02:08:00Z,control,,,,tal-2026-10
a-e00405,a-acct-050,a-acct-050-l2,lab_started,2026-09-06T02:25:00Z,treatment,,,lab-synthetic-5,tal-2026-10
a-e01612,a-acct-172,,goal_selected,2026-09-06T02:28:00Z,treatment,goal-soc-onboarding,,,tal-2026-10
a-e02014,a-acct-216,a-acct-216-l2,learner_invited,2026-09-06T02:40:00Z,control,,,,tal-2026-10
a-e02788,a-acct-294,,evaluation_started,2026-09-06T02:50:00Z,control,,,,tal-2026-10
a-e01272,a-acct-138,a-acct-138-l3,invite_accepted,2026-09-06T03:08:00Z,control,,,,tal-2026-10
a-e01102,a-acct-121,a-acct-121-l4,learner_invited,2026-09-06T03:16:00Z,treatment,,,,tal-2026-10
a-e01613,a-acct-172,,plan_created,2026-09-06T03:18:00Z,treatment,goal-soc-onboarding,a-acct-172-proof-7d,,tal-2026-10
a-e00226,a-acct-030,,evaluation_started,2026-09-06T03:20:00Z,control,,,,tal-2026-10
a-e00360,a-acct-044,a-acct-044-l1,invite_accepted,2026-09-06T03:20:00Z,control,,,,tal-2026-10
a-e00546,a-acct-064,a-acct-064-l1,lab_started,2026-09-06T03:22:00Z,treatment,,,lab-synthetic-1,tal-2026-10
a-e00363,a-acct-044,a-acct-044-l4,learner_invited,2026-09-06T03:41:00Z,control,,,,tal-2026-10
a-e02701,a-acct-284,a-acct-284-l4,invite_accepted,2026-09-06T03:41:00Z,treatment,,,,tal-2026-10
a-e01646,a-acct-174,a-acct-174-l4,lab_started,2026-09-06T04:06:00Z,treatment,,,lab-synthetic-3,tal-2026-10
a-e01098,a-acct-121,a-acct-121-l1,learner_invited,2026-09-06T04:11:00Z,treatment,,,,tal-2026-10
a-e02069,a-acct-221,a-acct-221-l1,learner_invited,2026-09-06T05:21:00Z,treatment,,,,tal-2026-10
a-e02712,a-acct-286,,evaluation_started,2026-09-06T05:25:00Z,control,,,,tal-2026-10
a-e01099,a-acct-121,a-acct-121-l1,invite_accepted,2026-09-06T05:48:00Z,treatment,,,,tal-2026-10
a-e01803,a-acct-193,a-acct-193-l2,lab_started,2026-09-06T06:07:00Z,treatment,,,lab-synthetic-6,tal-2026-10
a-e02248,a-acct-242,a-acct-242-l1,invite_accepted,2026-09-06T06:19:00Z,treatment,,,,tal-2026-10
a-e00674,a-acct-076,a-acct-076-l2,meaningful_lab_completed,2026-09-06T06:30:00Z,control,,,lab-synthetic-3,tal-2026-10
a-e01649,a-acct-174,a-acct-174-l5,invite_accepted,2026-09-06T06:50:00Z,treatment,,,,tal-2026-10
a-e01647,a-acct-174,a-acct-174-l4,meaningful_lab_completed,2026-09-06T07:06:00Z,treatment,,,lab-synthetic-3,tal-2026-10
a-e01637,a-acct-174,a-acct-174-l2,invite_accepted,2026-09-06T07:09:00Z,treatment,,,,tal-2026-10
a-e02252,a-acct-242,a-acct-242-l2,invite_accepted,2026-09-06T07:12:00Z,treatment,,,,tal-2026-10
a-e01635,a-acct-174,a-acct-174-l1,invite_accepted,2026-09-06T07:32:00Z,treatment,,,,tal-2026-10
a-e02013,a-acct-216,a-acct-216-l1,learner_opted_out,2026-09-06T07:53:00Z,control,,,,tal-2026-10
a-e01615,a-acct-172,a-acct-172-l2,learner_invited,2026-09-06T07:56:00Z,treatment,,,,tal-2026-10
a-e01300,a-acct-140,a-acct-140-l3,learner_invited,2026-09-06T07:59:00Z,control,,,,tal-2026-10
a-e00797,a-acct-089,a-acct-089-l1,learner_invited,2026-09-06T08:02:00Z,treatment,,,,tal-2026-10
a-e01296,a-acct-140,a-acct-140-l2,learner_invited,2026-09-06T08:08:00Z,control,,,,tal-2026-10
a-e00290,a-acct-037,a-acct-037-l2,learner_invited,2026-09-06T08:17:00Z,treatment,,,,tal-2026-10
a-e02017,a-acct-216,a-acct-216-l3,learner_invited,2026-09-06T08:27:00Z,control,,,,tal-2026-10
a-e01811,a-acct-193,a-acct-193-l4,lab_started,2026-09-06T08:42:00Z,treatment,,,lab-synthetic-3,tal-2026-10
a-e00278,a-acct-036,,plan_created,2026-09-06T08:44:00Z,control,,a-acct-036-generic,,tal-2026-10
a-e00293,a-acct-037,a-acct-037-l3,learner_invited,2026-09-06T08:49:00Z,treatment,,,,tal-2026-10
a-e01251,a-acct-137,a-acct-137-l2,invite_accepted,2026-09-06T08:55:00Z,control,,,,tal-2026-10
a-e02020,a-acct-216,a-acct-216-l5,invite_accepted,2026-09-06T08:57:00Z,control,,,,tal-2026-10
a-e00632,a-acct-073,a-acct-073-l3,invite_accepted,2026-09-06T09:04:00Z,control,,,,tal-2026-10
a-e02192,a-acct-236,,evaluation_started,2026-09-06T09:41:00Z,treatment,,,,tal-2026-10
a-e00636,a-acct-073,a-acct-073-l4,invite_accepted,2026-09-06T10:04:00Z,control,,,,tal-2026-10
a-e00549,a-acct-064,a-acct-064-l2,invite_accepted,2026-09-06T10:08:00Z,treatment,,,,tal-2026-10
a-e01291,a-acct-140,,plan_created,2026-09-06T10:21:00Z,control,,a-acct-140-generic,,tal-2026-10
a-e00519,a-acct-061,,evaluation_started,2026-09-06T10:24:00Z,control,,,,tal-2026-10
a-e02128,a-acct-227,a-acct-227-l4,meaningful_lab_completed,2026-09-06T10:28:00Z,treatment,,,lab-synthetic-4,tal-2026-10
a-e02193,a-acct-236,,goal_selected,2026-09-06T10:36:00Z,treatment,goal-cloud-foundations,,,tal-2026-10
a-e00670,a-acct-076,a-acct-076-l1,lab_started,2026-09-06T10:41:00Z,control,,,lab-synthetic-4,tal-2026-10
a-e01449,a-acct-154,a-acct-154-l1,invite_accepted,2026-09-06T10:54:00Z,control,,,,tal-2026-10
a-e01079,a-acct-117,a-acct-117-l1,learner_invited,2026-09-06T11:06:00Z,control,,,,tal-2026-10
a-e01514,a-acct-161,a-acct-161-l1,meaningful_lab_completed,2026-09-06T11:21:00Z,control,,,lab-synthetic-6,tal-2026-10
a-e00279,a-acct-036,a-acct-036-l1,learner_invited,2026-09-06T12:09:00Z,control,,,,tal-2026-10
a-e01804,a-acct-193,a-acct-193-l2,meaningful_lab_completed,2026-09-06T12:28:00Z,treatment,,,lab-synthetic-6,tal-2026-10
a-e01163,a-acct-127,a-acct-127-l2,invite_accepted,2026-09-06T12:35:00Z,treatment,,,,tal-2026-10
a-e02745,a-acct-290,a-acct-290-l2,lab_started,2026-09-06T13:23:00Z,treatment,,,lab-synthetic-6,tal-2026-10
a-e02194,a-acct-236,,plan_created,2026-09-06T13:36:00Z,treatment,goal-cloud-foundations,a-acct-236-proof-7d,,tal-2026-10
a-e01164,a-acct-127,a-acct-127-l2,lab_started,2026-09-06T14:09:00Z,treatment,,,lab-synthetic-4,tal-2026-10
a-e00286,a-acct-037,a-acct-037-l1,learner_invited,2026-09-06T14:11:00Z,treatment,,,,tal-2026-10
a-e01807,a-acct-193,a-acct-193-l3,lab_started,2026-09-06T15:03:00Z,treatment,,,lab-synthetic-4,tal-2026-10
a-e01165,a-acct-127,a-acct-127-l2,meaningful_lab_completed,2026-09-06T15:18:00Z,treatment,,,lab-synthetic-4,tal-2026-10
a-e00491,a-acct-057,a-acct-057-l1,meaningful_lab_completed,2026-09-06T15:39:00Z,control,,,lab-synthetic-6,tal-2026-10
a-e01252,a-acct-137,a-acct-137-l2,lab_started,2026-09-06T15:57:00Z,control,,,lab-synthetic-3,tal-2026-10
a-e01641,a-acct-174,a-acct-174-l3,invite_accepted,2026-09-06T16:01:00Z,treatment,,,,tal-2026-10
a-e01303,a-acct-141,,evaluation_started,2026-09-06T16:13:00Z,treatment,,,,tal-2026-10
a-e02254,a-acct-242,a-acct-242-l3,invite_accepted,2026-09-06T16:28:00Z,treatment,,,,tal-2026-10
a-e01304,a-acct-141,,goal_selected,2026-09-06T16:44:00Z,treatment,goal-cloud-foundations,,,tal-2026-10
a-e01080,a-acct-117,a-acct-117-l2,learner_invited,2026-09-06T16:48:00Z,control,,,,tal-2026-10
a-e00439,a-acct-053,a-acct-053-l1,invite_accepted,2026-09-06T16:51:00Z,control,,,,tal-2026-10
a-e00862,a-acct-095,,plan_created,2026-09-06T16:51:00Z,control,,a-acct-095-generic,,tal-2026-10
a-e01650,a-acct-174,a-acct-174-l5,lab_started,2026-09-06T16:53:00Z,treatment,,,lab-synthetic-2,tal-2026-10
a-e01265,a-acct-138,a-acct-138-l1,lab_started,2026-09-06T17:00:00Z,control,,,lab-synthetic-5,tal-2026-10
a-e01614,a-acct-172,a-acct-172-l1,learner_invited,2026-09-06T17:22:00Z,treatment,,,,tal-2026-10
a-e00282,a-acct-036,a-acct-036-l3,learner_invited,2026-09-06T17:38:00Z,control,,,,tal-2026-10
a-e02096,a-acct-225,,plan_created,2026-09-06T17:55:00Z,control,,a-acct-225-generic,,tal-2026-10
a-e01450,a-acct-154,a-acct-154-l1,lab_started,2026-09-06T18:00:00Z,control,,,lab-synthetic-4,tal-2026-10
a-e01799,a-acct-193,a-acct-193-l1,lab_started,2026-09-06T18:27:00Z,treatment,,,lab-synthetic-3,tal-2026-10
a-e00801,a-acct-089,a-acct-089-l2,learner_invited,2026-09-06T18:38:00Z,treatment,,,,tal-2026-10
a-e00494,a-acct-057,a-acct-057-l2,lab_started,2026-09-06T18:54:00Z,control,,,lab-synthetic-5,tal-2026-10
a-e00228,a-acct-030,a-acct-030-l1,learner_invited,2026-09-06T18:56:00Z,control,,,,tal-2026-10
a-e00686,a-acct-077,a-acct-077-l3,meaningful_lab_completed,2026-09-06T19:00:00Z,treatment,,,lab-synthetic-6,tal-2026-10
a-e02181,a-acct-235,,evaluation_started,2026-09-06T20:14:00Z,treatment,,,,tal-2026-10
a-e00294,a-acct-037,a-acct-037-l3,invite_accepted,2026-09-06T20:26:00Z,treatment,,,,tal-2026-10
a-e00184,a-acct-024,,evaluation_started,2026-09-06T20:31:00Z,control,,,,tal-2026-10
a-e01316,a-acct-141,a-acct-141-l4,learner_invited,2026-09-06T20:33:00Z,treatment,,,,tal-2026-10
a-e01638,a-acct-174,a-acct-174-l2,lab_started,2026-09-06T20:44:00Z,treatment,,,lab-synthetic-1,tal-2026-10
a-e01339,a-acct-143,,evaluation_started,2026-09-06T20:46:00Z,treatment,,,,tal-2026-10
a-e00291,a-acct-037,a-acct-037-l2,invite_accepted,2026-09-06T20:49:00Z,treatment,,,,tal-2026-10
a-e00441,a-acct-053,a-acct-053-l2,invite_accepted,2026-09-06T20:49:00Z,control,,,,tal-2026-10
a-e02182,a-acct-235,,goal_selected,2026-09-06T20:54:00Z,treatment,goal-soc-onboarding,,,tal-2026-10
a-e00295,a-acct-037,a-acct-037-l3,lab_started,2026-09-06T20:56:00Z,treatment,,,lab-synthetic-5,tal-2026-10
a-e00227,a-acct-030,,plan_created,2026-09-06T21:10:00Z,control,,a-acct-030-generic,,tal-2026-10
a-e00629,a-acct-073,a-acct-073-l2,lab_started,2026-09-06T21:10:00Z,control,,,lab-synthetic-1,tal-2026-10
a-e01292,a-acct-140,a-acct-140-l1,learner_invited,2026-09-06T21:35:00Z,control,,,,tal-2026-10
a-e01340,a-acct-143,,goal_selected,2026-09-06T21:46:00Z,treatment,goal-soc-onboarding,,,tal-2026-10
a-e01305,a-acct-141,,plan_created,2026-09-06T21:59:00Z,treatment,goal-cloud-foundations,a-acct-141-proof-7d,,tal-2026-10
a-e02740,a-acct-290,a-acct-290-l1,invite_accepted,2026-09-06T22:17:00Z,treatment,,,,tal-2026-10
a-e02097,a-acct-225,a-acct-225-l1,learner_invited,2026-09-06T22:23:00Z,control,,,,tal-2026-10
a-e00280,a-acct-036,a-acct-036-l2,learner_invited,2026-09-06T22:25:00Z,control,,,,tal-2026-10
a-e01608,a-acct-171,a-acct-171-l1,lab_started,2026-09-06T22:38:00Z,treatment,,,lab-synthetic-2,tal-2026-10
a-e02715,a-acct-286,a-acct-286-l2,learner_invited,2026-09-06T23:04:00Z,control,,,,tal-2026-10
a-e01273,a-acct-138,a-acct-138-l3,lab_started,2026-09-06T23:42:00Z,control,,,lab-synthetic-6,tal-2026-10
a-e01642,a-acct-174,a-acct-174-l3,lab_started,2026-09-06T23:51:00Z,treatment,,,lab-synthetic-3,tal-2026-10
a-e02098,a-acct-225,a-acct-225-l2,learner_invited,2026-09-06T23:51:00Z,control,,,,tal-2026-10
a-e01297,a-acct-140,a-acct-140-l2,invite_accepted,2026-09-06T23:58:00Z,control,,,,tal-2026-10
a-e02099,a-acct-225,a-acct-225-l3,learner_invited,2026-09-07T00:00:00Z,control,,,,tal-2026-10
a-e00626,a-acct-073,a-acct-073-l1,meaningful_lab_completed,2026-09-07T00:39:00Z,control,,,lab-synthetic-5,tal-2026-10
a-e02183,a-acct-235,,plan_created,2026-09-07T00:53:00Z,treatment,goal-soc-onboarding,a-acct-235-proof-7d,,tal-2026-10
a-e00550,a-acct-064,a-acct-064-l2,lab_started,2026-09-07T01:05:00Z,treatment,,,lab-synthetic-1,tal-2026-10
a-e02721,a-acct-286,a-acct-286-l5,learner_invited,2026-09-07T01:34:00Z,control,,,,tal-2026-10
a-e02533,a-acct-271,,evaluation_started,2026-09-07T01:36:00Z,treatment,,,,tal-2026-10
a-e01306,a-acct-141,a-acct-141-l1,learner_invited,2026-09-07T01:45:00Z,treatment,,,,tal-2026-10
a-e00374,a-acct-048,a-acct-048-l1,lab_started,2026-09-07T01:51:00Z,treatment,,,lab-synthetic-6,tal-2026-10
a-e02255,a-acct-242,a-acct-242-l3,lab_started,2026-09-07T01:52:00Z,treatment,,,lab-synthetic-3,tal-2026-10
a-e01279,a-acct-138,a-acct-138-l5,lab_started,2026-09-07T01:55:00Z,control,,,lab-synthetic-1,tal-2026-10
a-e02197,a-acct-236,a-acct-236-l2,learner_invited,2026-09-07T01:57:00Z,treatment,,,,tal-2026-10
a-e00553,a-acct-064,a-acct-064-l3,invite_accepted,2026-09-07T02:04:00Z,treatment,,,,tal-2026-10
a-e00547,a-acct-064,a-acct-064-l1,meaningful_lab_completed,2026-09-07T02:10:00Z,treatment,,,lab-synthetic-1,tal-2026-10
a-e02534,a-acct-271,,goal_selected,2026-09-07T02:36:00Z,treatment,goal-soc-onboarding,,,tal-2026-10
a-e00637,a-acct-073,a-acct-073-l4,lab_started,2026-09-07T02:37:00Z,control,,,lab-synthetic-2,tal-2026-10
a-e01259,a-acct-137,a-acct-137-l5,lab_started,2026-09-07T02:50:00Z,control,,,lab-synthetic-1,tal-2026-10
a-e02059,a-acct-220,,evaluation_started,2026-09-07T03:08:00Z,control,,,,tal-2026-10
a-e01812,a-acct-193,a-acct-193-l4,meaningful_lab_completed,2026-09-07T03:09:00Z,treatment,,,lab-synthetic-3,tal-2026-10
a-e01341,a-acct-143,,plan_created,2026-09-07T03:11:00Z,treatment,goal-soc-onboarding,a-acct-143-proof-7d,,tal-2026-10
a-e01293,a-acct-140,a-acct-140-l1,invite_accepted,2026-09-07T03:40:00Z,control,,,,tal-2026-10
a-e00551,a-acct-064,a-acct-064-l2,meaningful_lab_completed,2026-09-07T03:53:00Z,treatment,,,lab-synthetic-1,tal-2026-10
a-e02453,a-acct-260,a-acct-260-l4,lab_started,2026-09-07T04:01:00Z,control,,,lab-synthetic-4,tal-2026-10
a-e02201,a-acct-236,a-acct-236-l3,learner_invited,2026-09-07T04:11:00Z,treatment,,,,tal-2026-10
a-e00233,a-acct-030,a-acct-030-l3,learner_invited,2026-09-07T04:23:00Z,control,,,,tal-2026-10
a-e01616,a-acct-172,a-acct-172-l2,invite_accepted,2026-09-07T04:29:00Z,treatment,,,,tal-2026-10
a-e02154,a-acct-231,,evaluation_started,2026-09-17T02:55:00Z,control,,,,tal-2026-10
a-e00520,a-acct-061,,plan_created,2026-09-07T04:43:00Z,control,,a-acct-061-generic,,tal-2026-10
a-e00246,a-acct-033,,evaluation_started,2026-09-07T04:51:00Z,treatment,,,,tal-2026-10
a-e02258,a-acct-242,a-acct-242-l4,invite_accepted,2026-09-07T04:51:00Z,treatment,,,,tal-2026-10
a-e02004,a-acct-215,,evaluation_started,2026-09-07T04:59:00Z,control,,,,tal-2026-10
a-e01451,a-acct-154,a-acct-154-l2,learner_invited,2026-09-07T05:05:00Z,control,,,,tal-2026-10
a-e00381,a-acct-048,a-acct-048-l3,lab_started,2026-09-07T05:06:00Z,treatment,,,lab-synthetic-5,tal-2026-10
a-e00247,a-acct-033,,goal_selected,2026-09-07T05:26:00Z,treatment,goal-web-app-testing,,,tal-2026-10
a-e02208,a-acct-236,a-acct-236-l5,learner_invited,2026-09-07T05:31:00Z,treatment,,,,tal-2026-10
a-e00229,a-acct-030,a-acct-030-l1,invite_accepted,2026-09-07T05:45:00Z,control,,,,tal-2026-10
a-e02102,a-acct-225,a-acct-225-l4,learner_invited,2026-09-07T05:55:00Z,control,,,,tal-2026-10
a-e01312,a-acct-141,a-acct-141-l3,learner_invited,2026-09-07T05:56:00Z,treatment,,,,tal-2026-10
a-e01815,a-acct-193,a-acct-193-l5,lab_started,2026-09-07T05:57:00Z,treatment,,,lab-synthetic-1,tal-2026-10
a-e01104,a-acct-121,a-acct-121-l5,invite_accepted,2026-09-07T06:00:00Z,treatment,,,,tal-2026-10
a-e00287,a-acct-037,a-acct-037-l1,invite_accepted,2026-09-07T06:06:00Z,treatment,,,,tal-2026-10
a-e02070,a-acct-221,a-acct-221-l1,invite_accepted,2026-09-07T06:17:00Z,treatment,,,,tal-2026-10
a-e00382,a-acct-048,a-acct-048-l3,meaningful_lab_completed,2026-09-07T06:25:00Z,treatment,,,lab-synthetic-5,tal-2026-10
a-e00557,a-acct-064,a-acct-064-l4,invite_accepted,2026-09-07T07:14:00Z,treatment,,,,tal-2026-10
a-e00288,a-acct-037,a-acct-037-l1,lab_started,2026-09-07T07:27:00Z,treatment,,,lab-synthetic-1,tal-2026-10
a-e00865,a-acct-095,a-acct-095-l2,learner_invited,2026-09-07T07:36:00Z,control,,,,tal-2026-10
a-e01363,a-acct-145,,evaluation_started,2026-09-07T07:41:00Z,treatment,,,,tal-2026-10
a-e00863,a-acct-095,a-acct-095-l1,learner_invited,2026-09-07T07:47:00Z,control,,,,tal-2026-10
a-e00232,a-acct-030,a-acct-030-l2,learner_invited,2026-09-07T08:09:00Z,control,,,,tal-2026-10
a-e00248,a-acct-033,,plan_created,2026-09-07T08:11:00Z,treatment,goal-web-app-testing,a-acct-033-proof-7d,,tal-2026-10
a-e01365,a-acct-145,,plan_created,2026-09-07T08:13:00Z,treatment,goal-incident-response,a-acct-145-proof-7d,,tal-2026-10
a-e01364,a-acct-145,,goal_selected,2026-09-07T08:22:00Z,treatment,goal-incident-response,,,tal-2026-10
a-e00540,a-acct-063,,evaluation_started,2026-09-07T08:32:00Z,control,,,,tal-2026-10
a-e02195,a-acct-236,a-acct-236-l1,learner_invited,2026-09-07T08:53:00Z,treatment,,,,tal-2026-10
a-e01309,a-acct-141,a-acct-141-l2,learner_invited,2026-09-07T08:57:00Z,treatment,,,,tal-2026-10
a-e00524,a-acct-061,a-acct-061-l3,learner_invited,2026-09-07T09:05:00Z,control,,,,tal-2026-10
a-e02103,a-acct-225,a-acct-225-l5,learner_invited,2026-09-07T09:12:00Z,control,,,,tal-2026-10
a-e02205,a-acct-236,a-acct-236-l4,learner_invited,2026-09-07T09:42:00Z,treatment,,,,tal-2026-10
a-e01369,a-acct-145,a-acct-145-l3,learner_invited,2026-09-07T10:26:00Z,treatment,,,,tal-2026-10
a-e01346,a-acct-143,a-acct-143-l2,learner_invited,2026-09-07T10:40:00Z,treatment,,,,tal-2026-10
a-e01159,a-acct-127,a-acct-127-l1,invite_accepted,2026-09-07T10:42:00Z,treatment,,,,tal-2026-10
a-e01373,a-acct-145,a-acct-145-l5,learner_invited,2026-09-07T10:42:00Z,treatment,,,,tal-2026-10
a-e00292,a-acct-037,a-acct-037-l2,lab_started,2026-09-07T10:58:00Z,treatment,,,lab-synthetic-2,tal-2026-10
a-e01452,a-acct-154,a-acct-154-l2,invite_accepted,2026-09-07T10:58:00Z,control,,,,tal-2026-10
a-e02071,a-acct-221,a-acct-221-l1,lab_started,2026-09-07T11:50:00Z,treatment,,,lab-synthetic-6,tal-2026-10
a-e01318,a-acct-141,a-acct-141-l5,learner_invited,2026-09-07T11:52:00Z,treatment,,,,tal-2026-10
a-e02259,a-acct-242,a-acct-242-l4,lab_started,2026-09-07T12:08:00Z,treatment,,,lab-synthetic-1,tal-2026-10
a-e00254,a-acct-033,a-acct-033-l3,learner_invited,2026-09-07T12:15:00Z,treatment,,,,tal-2026-10
a-e00866,a-acct-095,a-acct-095-l2,invite_accepted,2026-09-07T13:13:00Z,control,,,,tal-2026-10
a-e01205,a-acct-131,,evaluation_started,2026-09-07T13:23:00Z,treatment,,,,tal-2026-10
a-e01206,a-acct-131,,goal_selected,2026-09-07T13:37:00Z,treatment,goal-incident-response,,,tal-2026-10
a-e02100,a-acct-225,a-acct-225-l3,invite_accepted,2026-09-07T13:47:00Z,control,,,,tal-2026-10
a-e00230,a-acct-030,a-acct-030-l1,lab_started,2026-09-07T13:48:00Z,control,,,lab-synthetic-6,tal-2026-10
a-e00249,a-acct-033,a-acct-033-l1,learner_invited,2026-09-07T13:51:00Z,treatment,,,,tal-2026-10
a-e02824,a-acct-299,a-acct-299-l1,lab_started,2026-09-20T10:07:00Z,control,,,lab-synthetic-2,tal-2026-10
a-e00522,a-acct-061,a-acct-061-l2,learner_invited,2026-09-07T14:19:00Z,control,,,,tal-2026-10
a-e01342,a-acct-143,a-acct-143-l1,learner_invited,2026-09-07T14:23:00Z,treatment,,,,tal-2026-10
a-e02717,a-acct-286,a-acct-286-l3,learner_invited,2026-09-07T14:49:00Z,control,,,,tal-2026-10
a-e00828,a-acct-092,a-acct-092-l1,learner_invited,2026-09-15T07:40:00Z,treatment,,,,tal-2026-10
a-e00817,a-acct-091,,evaluation_started,2026-09-07T15:03:00Z,control,,,,tal-2026-10
a-e01372,a-acct-145,a-acct-145-l4,learner_invited,2026-09-07T15:12:00Z,treatment,,,,tal-2026-10
a-e01347,a-acct-143,a-acct-143-l2,invite_accepted,2026-09-07T15:22:00Z,treatment,,,,tal-2026-10
a-e01367,a-acct-145,a-acct-145-l2,learner_invited,2026-09-07T15:28:00Z,treatment,,,,tal-2026-10
a-e00523,a-acct-061,a-acct-061-l2,invite_accepted,2026-09-07T15:36:00Z,control,,,,tal-2026-10
a-e00252,a-acct-033,a-acct-033-l2,learner_invited,2026-09-07T15:51:00Z,treatment,,,,tal-2026-10
a-e00987,a-acct-110,,evaluation_started,2026-09-07T15:51:00Z,control,,,,tal-2026-10
a-e01800,a-acct-193,a-acct-193-l1,meaningful_lab_completed,2026-09-07T16:01:00Z,treatment,,,lab-synthetic-3,tal-2026-10
a-e01314,a-acct-141,a-acct-141-l3,lab_started,2026-09-07T16:05:00Z,treatment,,,lab-synthetic-5,tal-2026-10
a-e00888,a-acct-097,,evaluation_started,2026-09-07T16:07:00Z,control,,,,tal-2026-10
a-e02249,a-acct-242,a-acct-242-l1,lab_started,2026-09-07T16:11:00Z,treatment,,,lab-synthetic-1,tal-2026-10
a-e00633,a-acct-073,a-acct-073-l3,lab_started,2026-09-07T16:32:00Z,control,,,lab-synthetic-3,tal-2026-10
a-e00185,a-acct-024,,plan_created,2026-09-07T16:33:00Z,control,,a-acct-024-generic,,tal-2026-10
a-e02074,a-acct-221,a-acct-221-l2,invite_accepted,2026-09-07T16:50:00Z,treatment,,,,tal-2026-10
a-e00736,a-acct-083,,evaluation_started,2026-09-07T16:56:00Z,treatment,,,,tal-2026-10
a-e00737,a-acct-083,,goal_selected,2026-09-07T17:58:00Z,treatment,goal-soc-onboarding,,,tal-2026-10
a-e02075,a-acct-221,a-acct-221-l2,lab_started,2026-09-07T18:09:00Z,treatment,,,lab-synthetic-5,tal-2026-10
a-e01787,a-acct-192,,evaluation_started,2026-09-07T18:19:00Z,treatment,,,,tal-2026-10
a-e00527,a-acct-062,,evaluation_started,2026-09-07T18:26:00Z,control,,,,tal-2026-10
a-e01788,a-acct-192,,goal_selected,2026-09-07T18:33:00Z,treatment,goal-soc-onboarding,,,tal-2026-10
a-e01076,a-acct-116,,evaluation_started,2026-09-07T19:04:00Z,control,,,,tal-2026-10
a-e02392,a-acct-255,,evaluation_started,2026-09-07T19:04:00Z,treatment,,,,tal-2026-10
a-e00867,a-acct-095,a-acct-095-l2,lab_started,2026-09-07T19:09:00Z,control,,,lab-synthetic-2,tal-2026-10
a-e02188,a-acct-235,a-acct-235-l2,learner_invited,2026-09-07T19:15:00Z,treatment,,,,tal-2026-10
a-e00364,a-acct-044,a-acct-044-l4,invite_accepted,2026-09-07T19:18:00Z,control,,,,tal-2026-10
a-e02393,a-acct-255,,goal_selected,2026-09-07T19:24:00Z,treatment,goal-soc-onboarding,,,tal-2026-10
a-e01207,a-acct-131,,plan_created,2026-09-07T19:25:00Z,treatment,goal-incident-response,a-acct-131-proof-7d,,tal-2026-10
a-e00824,a-acct-091,a-acct-091-l4,learner_invited,2026-09-07T19:28:00Z,control,,,,tal-2026-10
a-e01366,a-acct-145,a-acct-145-l1,learner_invited,2026-09-07T19:30:00Z,treatment,,,,tal-2026-10
a-e00514,a-acct-060,,evaluation_started,2026-09-07T19:31:00Z,treatment,,,,tal-2026-10
a-e01789,a-acct-192,,plan_created,2026-09-07T19:31:00Z,treatment,goal-soc-onboarding,a-acct-192-proof-7d,,tal-2026-10
a-e00365,a-acct-044,a-acct-044-l4,lab_started,2026-09-07T19:44:00Z,control,,,lab-synthetic-4,tal-2026-10
a-e00515,a-acct-060,,goal_selected,2026-09-07T19:46:00Z,treatment,goal-incident-response,,,tal-2026-10
a-e00821,a-acct-091,a-acct-091-l3,learner_invited,2026-09-07T20:00:00Z,control,,,,tal-2026-10
a-e02184,a-acct-235,a-acct-235-l1,learner_invited,2026-09-07T20:04:00Z,treatment,,,,tal-2026-10
a-e00255,a-acct-033,a-acct-033-l4,learner_invited,2026-09-07T20:06:00Z,treatment,,,,tal-2026-10
a-e01639,a-acct-174,a-acct-174-l2,meaningful_lab_completed,2026-09-07T20:15:00Z,treatment,,,lab-synthetic-1,tal-2026-10
a-e01816,a-acct-193,a-acct-193-l5,meaningful_lab_completed,2026-09-07T20:15:00Z,treatment,,,lab-synthetic-1,tal-2026-10
a-e00525,a-acct-061,a-acct-061-l4,learner_invited,2026-09-07T20:16:00Z,control,,,,tal-2026-10
a-e00268,a-acct-035,,plan_created,2026-09-20T03:18:00Z,treatment,goal-soc-onboarding,a-acct-035-proof-7d,,tal-2026-10
a-e00738,a-acct-083,,plan_created,2026-09-07T20:44:00Z,treatment,goal-soc-onboarding,a-acct-083-proof-7d,,tal-2026-10
a-e02196,a-acct-236,a-acct-236-l1,invite_accepted,2026-09-07T20:57:00Z,treatment,,,,tal-2026-10
a-e00532,a-acct-062,a-acct-062-l2,learner_invited,2026-09-07T21:26:00Z,control,,,,tal-2026-10
a-e01301,a-acct-140,a-acct-140-l3,invite_accepted,2026-09-07T21:26:00Z,control,,,,tal-2026-10
a-e02742,a-acct-290,a-acct-290-l1,meaningful_lab_completed,2026-09-07T21:30:00Z,treatment,,,lab-synthetic-4,tal-2026-10
a-e01294,a-acct-140,a-acct-140-l1,lab_started,2026-09-07T21:59:00Z,control,,,lab-synthetic-3,tal-2026-10
a-e00528,a-acct-062,,plan_created,2026-09-07T22:09:00Z,control,,a-acct-062-generic,,tal-2026-10
a-e02394,a-acct-255,,plan_created,2026-09-07T22:25:00Z,treatment,goal-soc-onboarding,a-acct-255-proof-7d,,tal-2026-10
a-e01195,a-acct-130,,evaluation_started,2026-09-07T22:44:00Z,control,,,,tal-2026-10
a-e00630,a-acct-073,a-acct-073-l2,meaningful_lab_completed,2026-09-07T22:53:00Z,control,,,lab-synthetic-1,tal-2026-10
a-e01370,a-acct-145,a-acct-145-l3,invite_accepted,2026-09-07T22:53:00Z,treatment,,,,tal-2026-10
a-e00798,a-acct-089,a-acct-089-l1,invite_accepted,2026-09-07T22:55:00Z,treatment,,,,tal-2026-10
a-e01792,a-acct-192,a-acct-192-l3,learner_invited,2026-09-07T23:09:00Z,treatment,,,,tal-2026-10
a-e00516,a-acct-060,,plan_created,2026-09-07T23:11:00Z,treatment,goal-incident-response,a-acct-060-proof-7d,,tal-2026-10
a-e00442,a-acct-053,a-acct-053-l2,lab_started,2026-09-07T23:26:00Z,control,,,lab-synthetic-6,tal-2026-10
a-e01368,a-acct-145,a-acct-145-l2,invite_accepted,2026-09-07T23:36:00Z,treatment,,,,tal-2026-10
a-e00708,a-acct-079,a-acct-079-l3,meaningful_lab_completed,2026-09-08T00:12:00Z,treatment,,,lab-synthetic-6,tal-2026-10
a-e02117,a-acct-227,a-acct-227-l1,meaningful_lab_completed,2026-09-08T00:28:00Z,treatment,,,lab-synthetic-4,tal-2026-10
a-e00554,a-acct-064,a-acct-064-l3,lab_started,2026-09-08T00:31:00Z,treatment,,,lab-synthetic-3,tal-2026-10
a-e00521,a-acct-061,a-acct-061-l1,learner_invited,2026-09-08T00:39:00Z,control,,,,tal-2026-10
a-e01791,a-acct-192,a-acct-192-l2,learner_invited,2026-09-08T00:58:00Z,treatment,,,,tal-2026-10
a-e02206,a-acct-236,a-acct-236-l4,invite_accepted,2026-09-08T01:16:00Z,treatment,,,,tal-2026-10
a-e00190,a-acct-024,a-acct-024-l2,learner_invited,2026-09-08T01:28:00Z,control,,,,tal-2026-10
a-e00529,a-acct-062,a-acct-062-l1,learner_invited,2026-09-08T01:53:00Z,control,,,,tal-2026-10
a-e02207,a-acct-236,a-acct-236-l4,lab_started,2026-09-08T02:09:00Z,treatment,,,lab-synthetic-2,tal-2026-10
a-e00802,a-acct-089,a-acct-089-l2,invite_accepted,2026-09-08T02:22:00Z,treatment,,,,tal-2026-10
a-e00642,a-acct-073,a-acct-073-l5,meaningful_lab_completed,2026-09-08T02:46:00Z,control,,,lab-synthetic-6,tal-2026-10
a-e02713,a-acct-286,a-acct-286-l1,learner_invited,2026-09-08T02:50:00Z,control,,,,tal-2026-10
a-e00820,a-acct-091,a-acct-091-l2,learner_invited,2026-09-08T03:21:00Z,control,,,,tal-2026-10
a-e00526,a-acct-061,a-acct-061-l4,invite_accepted,2026-09-08T03:32:00Z,control,,,,tal-2026-10
a-e00517,a-acct-060,a-acct-060-l1,learner_invited,2026-09-08T03:36:00Z,treatment,,,,tal-2026-10
a-e02716,a-acct-286,a-acct-286-l2,invite_accepted,2026-09-08T03:51:00Z,control,,,,tal-2026-10
a-e01441,a-acct-153,,evaluation_started,2026-09-08T03:55:00Z,treatment,,,,tal-2026-10
a-e00256,a-acct-033,a-acct-033-l4,invite_accepted,2026-09-08T03:58:00Z,treatment,,,,tal-2026-10
a-e01442,a-acct-153,,goal_selected,2026-09-08T04:17:00Z,treatment,goal-cloud-foundations,,,tal-2026-10
a-e00638,a-acct-073,a-acct-073-l4,meaningful_lab_completed,2026-09-08T04:24:00Z,control,,,lab-synthetic-2,tal-2026-10
a-e00739,a-acct-083,a-acct-083-l1,learner_invited,2026-09-08T04:32:00Z,treatment,,,,tal-2026-10
a-e00558,a-acct-064,a-acct-064-l4,lab_started,2026-09-08T04:39:00Z,treatment,,,lab-synthetic-5,tal-2026-10
a-e02718,a-acct-286,a-acct-286-l4,learner_invited,2026-09-08T05:43:00Z,control,,,,tal-2026-10
a-e00988,a-acct-110,,plan_created,2026-09-08T05:44:00Z,control,,a-acct-110-generic,,tal-2026-10
a-e01443,a-acct-153,,plan_created,2026-09-08T05:45:00Z,treatment,goal-cloud-foundations,a-acct-153-proof-7d,,tal-2026-10
a-e01845,a-acct-196,,evaluation_started,2026-09-08T05:48:00Z,treatment,,,,tal-2026-10
a-e00868,a-acct-095,a-acct-095-l2,meaningful_lab_completed,2026-09-08T05:53:00Z,control,,,lab-synthetic-2,tal-2026-10
a-e00939,a-acct-103,,evaluation_started,2026-09-08T05:53:00Z,treatment,,,,tal-2026-10
a-e00940,a-acct-103,,goal_selected,2026-09-08T06:04:00Z,treatment,goal-incident-response,,,tal-2026-10
a-e00281,a-acct-036,a-acct-036-l2,invite_accepted,2026-09-08T06:11:00Z,control,,,,tal-2026-10
a-e00533,a-acct-062,a-acct-062-l2,invite_accepted,2026-09-08T06:29:00Z,control,,,,tal-2026-10
a-e00799,a-acct-089,a-acct-089-l1,lab_started,2026-09-08T06:32:00Z,treatment,,,lab-synthetic-1,tal-2026-10
a-e01846,a-acct-196,,goal_selected,2026-09-08T06:34:00Z,treatment,goal-incident-response,,,tal-2026-10
a-e01609,a-acct-171,a-acct-171-l1,meaningful_lab_completed,2026-09-08T07:22:00Z,treatment,,,lab-synthetic-2,tal-2026-10
a-e00741,a-acct-083,a-acct-083-l2,learner_invited,2026-09-08T07:24:00Z,treatment,,,,tal-2026-10
a-e00743,a-acct-083,a-acct-083-l3,learner_invited,2026-09-08T07:24:00Z,treatment,,,,tal-2026-10
a-e01310,a-acct-141,a-acct-141-l2,invite_accepted,2026-09-08T07:31:00Z,treatment,,,,tal-2026-10
a-e01143,a-acct-125,,evaluation_started,2026-09-08T07:37:00Z,control,,,,tal-2026-10
a-e02005,a-acct-215,,plan_created,2026-09-08T08:14:00Z,control,,a-acct-215-generic,,tal-2026-10
a-e01399,a-acct-148,,evaluation_started,2026-09-08T08:29:00Z,treatment,,,,tal-2026-10
a-e01400,a-acct-148,,goal_selected,2026-09-08T08:48:00Z,treatment,goal-soc-onboarding,,,tal-2026-10
a-e01445,a-acct-153,a-acct-153-l2,learner_invited,2026-09-08T08:48:00Z,treatment,,,,tal-2026-10
a-e00864,a-acct-095,a-acct-095-l1,invite_accepted,2026-09-08T08:54:00Z,control,,,,tal-2026-10
a-e01200,a-acct-130,a-acct-130-l2,learner_invited,2026-09-08T09:06:00Z,control,,,,tal-2026-10
a-e01274,a-acct-138,a-acct-138-l3,meaningful_lab_completed,2026-09-08T09:06:00Z,control,,,lab-synthetic-6,tal-2026-10
a-e01210,a-acct-131,a-acct-131-l2,learner_invited,2026-09-08T09:27:00Z,treatment,,,,tal-2026-10
a-e01847,a-acct-196,,plan_created,2026-09-08T09:33:00Z,treatment,goal-incident-response,a-acct-196-proof-7d,,tal-2026-10
a-e00186,a-acct-024,a-acct-024-l1,learner_invited,2026-09-08T09:40:00Z,control,,,,tal-2026-10
a-e00536,a-acct-062,a-acct-062-l3,learner_invited,2026-09-08T09:41:00Z,control,,,,tal-2026-10
a-e01298,a-acct-140,a-acct-140-l2,lab_started,2026-09-08T10:17:00Z,control,,,lab-synthetic-4,tal-2026-10
a-e02189,a-acct-235,a-acct-235-l2,invite_accepted,2026-09-08T10:29:00Z,treatment,,,,tal-2026-10
a-e01307,a-acct-141,a-acct-141-l1,invite_accepted,2026-09-08T10:45:00Z,treatment,,,,tal-2026-10
a-e02062,a-acct-220,a-acct-220-l2,learner_invited,2026-09-08T11:01:00Z,control,,,,tal-2026-10
a-e01851,a-acct-196,a-acct-196-l3,learner_invited,2026-09-08T11:02:00Z,treatment,,,,tal-2026-10
a-e00941,a-acct-103,,plan_created,2026-09-08T11:06:00Z,treatment,goal-incident-response,a-acct-103-proof-7d,,tal-2026-10
a-e02273,a-acct-244,,evaluation_started,2026-09-08T11:14:00Z,control,,,,tal-2026-10
a-e01643,a-acct-174,a-acct-174-l3,meaningful_lab_completed,2026-09-08T11:23:00Z,treatment,,,lab-synthetic-3,tal-2026-10
a-e01196,a-acct-130,,plan_created,2026-09-08T11:25:00Z,control,,a-acct-130-generic,,tal-2026-10
a-e00742,a-acct-083,a-acct-083-l2,invite_accepted,2026-09-08T11:26:00Z,treatment,,,,tal-2026-10
a-e01401,a-acct-148,,plan_created,2026-09-08T11:30:00Z,treatment,goal-soc-onboarding,a-acct-148-proof-7d,,tal-2026-10
a-e00296,a-acct-038,,evaluation_started,2026-09-08T11:44:00Z,treatment,,,,tal-2026-10
a-e01317,a-acct-141,a-acct-141-l4,invite_accepted,2026-09-08T11:51:00Z,treatment,,,,tal-2026-10
a-e00949,a-acct-103,a-acct-103-l3,learner_invited,2026-09-08T11:55:00Z,treatment,,,,tal-2026-10
a-e00503,a-acct-058,,evaluation_started,2026-09-08T12:04:00Z,control,,,,tal-2026-10
a-e01214,a-acct-133,,evaluation_started,2026-09-08T12:06:00Z,control,,,,tal-2026-10
a-e02395,a-acct-255,a-acct-255-l1,learner_invited,2026-09-08T12:18:00Z,treatment,,,,tal-2026-10
a-e00502,a-acct-057,a-acct-057-l5,meaningful_lab_completed,2026-09-08T12:23:00Z,control,,,lab-synthetic-3,tal-2026-10
a-e01468,a-acct-156,,evaluation_started,2026-09-08T12:31:00Z,treatment,,,,tal-2026-10
a-e01402,a-acct-148,a-acct-148-l1,learner_invited,2026-09-08T12:40:00Z,treatment,,,,tal-2026-10
a-e02403,a-acct-255,a-acct-255-l3,learner_invited,2026-09-08T12:43:00Z,treatment,,,,tal-2026-10
a-e00297,a-acct-038,,goal_selected,2026-09-08T12:45:00Z,treatment,goal-cloud-foundations,,,tal-2026-10
a-e00993,a-acct-110,a-acct-110-l2,learner_invited,2026-09-08T12:49:00Z,control,,,,tal-2026-10
a-e00634,a-acct-073,a-acct-073-l3,meaningful_lab_completed,2026-09-08T12:50:00Z,control,,,lab-synthetic-3,tal-2026-10
a-e01855,a-acct-197,,evaluation_started,2026-09-08T12:55:00Z,control,,,,tal-2026-10
a-e01469,a-acct-156,,goal_selected,2026-09-08T13:17:00Z,treatment,goal-web-app-testing,,,tal-2026-10
a-e00995,a-acct-110,a-acct-110-l3,learner_invited,2026-09-08T13:19:00Z,control,,,,tal-2026-10
a-e01470,a-acct-156,,plan_created,2026-09-08T13:19:00Z,treatment,goal-web-app-testing,a-acct-156-proof-7d,,tal-2026-10
a-e02260,a-acct-242,a-acct-242-l4,meaningful_lab_completed,2026-09-08T13:35:00Z,treatment,,,lab-synthetic-1,tal-2026-10
a-e00495,a-acct-057,a-acct-057-l2,meaningful_lab_completed,2026-09-08T13:49:00Z,control,,,lab-synthetic-5,tal-2026-10
a-e02008,a-acct-215,a-acct-215-l2,learner_invited,2026-09-08T13:53:00Z,control,,,,tal-2026-10
a-e02399,a-acct-255,a-acct-255-l2,learner_invited,2026-09-08T13:59:00Z,treatment,,,,tal-2026-10
a-e00298,a-acct-038,,plan_created,2026-09-08T14:12:00Z,treatment,goal-cloud-foundations,a-acct-038-proof-7d,,tal-2026-10
a-e01476,a-acct-156,a-acct-156-l4,learner_invited,2026-09-08T14:22:00Z,treatment,,,,tal-2026-10
a-e01790,a-acct-192,a-acct-192-l1,learner_invited,2026-09-08T14:25:00Z,treatment,,,,tal-2026-10
a-e00822,a-acct-091,a-acct-091-l3,invite_accepted,2026-09-08T14:29:00Z,control,,,,tal-2026-10
a-e02219,a-acct-238,,evaluation_started,2026-09-08T14:31:00Z,control,,,,tal-2026-10
a-e02404,a-acct-255,a-acct-255-l3,invite_accepted,2026-09-08T14:34:00Z,treatment,,,,tal-2026-10
a-e02209,a-acct-236,a-acct-236-l5,invite_accepted,2026-09-08T14:49:00Z,treatment,,,,tal-2026-10
a-e01319,a-acct-141,a-acct-141-l5,invite_accepted,2026-09-08T15:21:00Z,treatment,,,,tal-2026-10
a-e00537,a-acct-062,a-acct-062-l3,invite_accepted,2026-09-08T15:22:00Z,control,,,,tal-2026-10
a-e02198,a-acct-236,a-acct-236-l2,invite_accepted,2026-09-08T15:37:00Z,treatment,,,,tal-2026-10
a-e02202,a-acct-236,a-acct-236-l3,invite_accepted,2026-09-08T16:03:00Z,treatment,,,,tal-2026-10
a-e00898,a-acct-097,a-acct-097-l4,learner_invited,2026-09-08T16:18:00Z,control,,,,tal-2026-10
a-e01856,a-acct-197,,plan_created,2026-09-08T16:23:00Z,control,,a-acct-197-generic,,tal-2026-10
a-e01371,a-acct-145,a-acct-145-l3,lab_started,2026-09-08T16:24:00Z,treatment,,,lab-synthetic-1,tal-2026-10
a-e01849,a-acct-196,a-acct-196-l2,learner_invited,2026-09-08T16:25:00Z,treatment,,,,tal-2026-10
a-e02409,a-acct-255,a-acct-255-l5,learner_invited,2026-09-08T16:35:00Z,treatment,,,,tal-2026-10
a-e02101,a-acct-225,a-acct-225-l3,lab_started,2026-09-08T16:46:00Z,control,,,lab-synthetic-2,tal-2026-10
a-e00538,a-acct-062,a-acct-062-l3,lab_started,2026-09-08T17:00:00Z,control,,,lab-synthetic-3,tal-2026-10
a-e02407,a-acct-255,a-acct-255-l4,learner_invited,2026-09-08T17:08:00Z,treatment,,,,tal-2026-10
a-e00289,a-acct-037,a-acct-037-l1,meaningful_lab_completed,2026-09-08T17:37:00Z,treatment,,,lab-synthetic-1,tal-2026-10
a-e01862,a-acct-197,a-acct-197-l4,learner_invited,2026-09-08T17:42:00Z,control,,,,tal-2026-10
a-e00446,a-acct-054,,evaluation_started,2026-09-08T17:44:00Z,treatment,,,,tal-2026-10
a-e00530,a-acct-062,a-acct-062-l1,invite_accepted,2026-09-08T18:04:00Z,control,,,,tal-2026-10
a-e00234,a-acct-030,a-acct-030-l3,invite_accepted,2026-09-08T18:09:00Z,control,,,,tal-2026-10
a-e00889,a-acct-097,,plan_created,2026-09-08T18:09:00Z,control,,a-acct-097-generic,,tal-2026-10
a-e01302,a-acct-140,a-acct-140-l3,lab_started,2026-09-08T18:09:00Z,control,,,lab-synthetic-2,tal-2026-10
a-e01160,a-acct-127,a-acct-127-l1,lab_started,2026-09-08T18:25:00Z,treatment,,,lab-synthetic-6,tal-2026-10
a-e00447,a-acct-054,,goal_selected,2026-09-08T18:29:00Z,treatment,goal-soc-onboarding,,,tal-2026-10
a-e00518,a-acct-060,a-acct-060-l2,learner_invited,2026-09-08T18:37:00Z,treatment,,,,tal-2026-10
a-e00899,a-acct-097,a-acct-097-l4,invite_accepted,2026-09-08T18:51:00Z,control,,,,tal-2026-10
a-e02063,a-acct-220,a-acct-220-l2,invite_accepted,2026-09-08T18:52:00Z,control,,,,tal-2026-10
a-e01859,a-acct-197,a-acct-197-l2,learner_invited,2026-09-08T19:19:00Z,control,,,,tal-2026-10
a-e01266,a-acct-138,a-acct-138-l1,meaningful_lab_completed,2026-09-08T19:21:00Z,control,,,lab-synthetic-5,tal-2026-10
a-e01412,a-acct-148,a-acct-148-l4,learner_invited,2026-09-08T19:34:00Z,treatment,,,,tal-2026-10
a-e00450,a-acct-054,a-acct-054-l2,learner_invited,2026-09-08T19:36:00Z,treatment,,,,tal-2026-10
a-e01473,a-acct-156,a-acct-156-l3,learner_invited,2026-09-08T19:45:00Z,treatment,,,,tal-2026-10
a-e01409,a-acct-148,a-acct-148-l3,learner_invited,2026-09-08T20:06:00Z,treatment,,,,tal-2026-10
a-e01197,a-acct-130,a-acct-130-l1,learner_invited,2026-09-08T20:27:00Z,control,,,,tal-2026-10
a-e00448,a-acct-054,,plan_created,2026-09-08T20:43:00Z,treatment,goal-soc-onboarding,a-acct-054-proof-7d,,tal-2026-10
a-e01861,a-acct-197,a-acct-197-l3,learner_invited,2026-09-08T20:43:00Z,control,,,,tal-2026-10
a-e00250,a-acct-033,a-acct-033-l1,invite_accepted,2026-09-08T20:55:00Z,treatment,,,,tal-2026-10
a-e02016,a-acct-216,a-acct-216-l2,lab_started,2026-09-08T21:12:00Z,control,,,lab-synthetic-1,tal-2026-10
a-e00340,a-acct-043,,evaluation_started,2026-09-08T21:16:00Z,treatment,,,,tal-2026-10
a-e00942,a-acct-103,a-acct-103-l1,learner_invited,2026-09-08T21:44:00Z,treatment,,,,tal-2026-10
a-e00341,a-acct-043,,goal_selected,2026-09-08T22:05:00Z,treatment,goal-incident-response,,,tal-2026-10
a-e01348,a-acct-143,a-acct-143-l2,lab_started,2026-09-08T22:11:00Z,treatment,,,lab-synthetic-3,tal-2026-10
a-e00253,a-acct-033,a-acct-033-l2,invite_accepted,2026-09-08T22:25:00Z,treatment,,,,tal-2026-10
a-e02454,a-acct-260,a-acct-260-l4,meaningful_lab_completed,2026-09-08T22:26:00Z,control,,,lab-synthetic-4,tal-2026-10
a-e01446,a-acct-153,a-acct-153-l3,learner_invited,2026-09-08T22:27:00Z,treatment,,,,tal-2026-10
a-e01453,a-acct-154,a-acct-154-l2,lab_started,2026-09-08T22:28:00Z,control,,,lab-synthetic-2,tal-2026-10
a-e02475,a-acct-265,,evaluation_started,2026-09-08T22:40:00Z,treatment,,,,tal-2026-10
a-e00945,a-acct-103,a-acct-103-l2,learner_invited,2026-09-08T22:42:00Z,treatment,,,,tal-2026-10
a-e01508,a-acct-160,,evaluation_started,2026-09-08T22:58:00Z,control,,,,tal-2026-10
a-e00989,a-acct-110,a-acct-110-l1,learner_invited,2026-09-08T23:00:00Z,control,,,,tal-2026-10
a-e01144,a-acct-125,,plan_created,2026-09-08T23:07:00Z,control,,a-acct-125-generic,,tal-2026-10
a-e01808,a-acct-193,a-acct-193-l3,meaningful_lab_completed,2026-09-08T23:07:00Z,treatment,,,lab-synthetic-4,tal-2026-10
a-e01444,a-acct-153,a-acct-153-l1,learner_invited,2026-09-08T23:11:00Z,treatment,,,,tal-2026-10
a-e02476,a-acct-265,,goal_selected,2026-09-08T23:15:00Z,treatment,goal-cloud-foundations,,,tal-2026-10
a-e01320,a-acct-141,a-acct-141-l5,lab_started,2026-09-08T23:20:00Z,treatment,,,lab-synthetic-1,tal-2026-10
a-e01474,a-acct-156,a-acct-156-l3,invite_accepted,2026-09-08T23:32:00Z,treatment,,,,tal-2026-10
a-e02222,a-acct-240,,evaluation_started,2026-09-08T23:36:00Z,control,,,,tal-2026-10
a-e01315,a-acct-141,a-acct-141-l3,meaningful_lab_completed,2026-09-08T23:37:00Z,treatment,,,lab-synthetic-5,tal-2026-10
a-e01488,a-acct-158,,evaluation_started,2026-09-08T23:45:00Z,control,,,,tal-2026-10
a-e01343,a-acct-143,a-acct-143-l1,invite_accepted,2026-09-08T23:53:00Z,treatment,,,,tal-2026-10
a-e00342,a-acct-043,,plan_created,2026-09-09T00:10:00Z,treatment,goal-incident-response,a-acct-043-proof-7d,,tal-2026-10
a-e00970,a-acct-108,,evaluation_started,2026-09-09T00:27:00Z,control,,,,tal-2026-10
a-e01494,a-acct-158,a-acct-158-l4,learner_invited,2026-09-09T00:51:00Z,control,,,,tal-2026-10
a-e00231,a-acct-030,a-acct-030-l1,meaningful_lab_completed,2026-09-09T01:09:00Z,control,,,lab-synthetic-6,tal-2026-10
a-e02006,a-acct-215,a-acct-215-l1,learner_invited,2026-09-09T01:16:00Z,control,,,,tal-2026-10
a-e00893,a-acct-097,a-acct-097-l2,learner_invited,2026-09-09T01:24:00Z,control,,,,tal-2026-10
a-e01848,a-acct-196,a-acct-196-l1,learner_invited,2026-09-09T01:32:00Z,treatment,,,,tal-2026-10
a-e02060,a-acct-220,a-acct-220-l1,learner_invited,2026-09-09T01:32:00Z,control,,,,tal-2026-10
a-e02275,a-acct-244,a-acct-244-l1,learner_invited,2026-09-09T01:46:00Z,control,,,,tal-2026-10
a-e01406,a-acct-148,a-acct-148-l2,learner_invited,2026-09-09T01:49:00Z,treatment,,,,tal-2026-10
a-e01243,a-acct-136,a-acct-136-l3,invite_accepted,2026-09-20T17:22:00Z,treatment,,,,tal-2026-10
a-e01209,a-acct-131,a-acct-131-l1,invite_accepted,2026-09-09T02:10:00Z,treatment,,,,tal-2026-10
a-e00355,a-acct-043,a-acct-043-l4,learner_invited,2026-09-09T02:55:00Z,treatment,,,,tal-2026-10
a-e00740,a-acct-083,a-acct-083-l1,invite_accepted,2026-09-09T03:04:00Z,treatment,,,,tal-2026-10
a-e00118,a-acct-016,,evaluation_started,2026-09-09T03:05:00Z,control,,,,tal-2026-10
a-e02276,a-acct-244,a-acct-244-l1,invite_accepted,2026-09-09T03:27:00Z,control,,,,tal-2026-10
a-e01201,a-acct-130,a-acct-130-l2,invite_accepted,2026-09-09T03:28:00Z,control,,,,tal-2026-10
a-e01657,a-acct-176,,evaluation_started,2026-09-09T03:31:00Z,treatment,,,,tal-2026-10
a-e00251,a-acct-033,a-acct-033-l1,lab_started,2026-09-09T03:45:00Z,treatment,,,lab-synthetic-1,tal-2026-10
a-e01125,a-acct-124,,evaluation_started,2026-09-09T03:45:00Z,control,,,,tal-2026-10
a-e02400,a-acct-255,a-acct-255-l2,invite_accepted,2026-09-09T04:11:00Z,treatment,,,,tal-2026-10
a-e00300,a-acct-038,a-acct-038-l2,learner_invited,2026-09-09T04:17:00Z,treatment,,,,tal-2026-10
a-e00235,a-acct-030,a-acct-030-l3,lab_started,2026-09-09T04:25:00Z,control,,,lab-synthetic-4,tal-2026-10
a-e01793,a-acct-192,a-acct-192-l3,invite_accepted,2026-09-09T04:28:00Z,treatment,,,,tal-2026-10
a-e02223,a-acct-240,,plan_created,2026-09-09T04:33:00Z,control,,a-acct-240-generic,,tal-2026-10
a-e00146,a-acct-019,a-acct-019-l3,learner_invited,2026-09-20T12:24:00Z,control,,,,tal-2026-10
a-e02274,a-acct-244,,plan_created,2026-09-09T04:35:00Z,control,,a-acct-244-generic,,tal-2026-10
a-e02477,a-acct-265,,plan_created,2026-09-09T04:52:00Z,treatment,goal-cloud-foundations,a-acct-265-proof-7d,,tal-2026-10
a-e02199,a-acct-236,a-acct-236-l2,lab_started,2026-09-09T04:56:00Z,treatment,,,lab-synthetic-6,tal-2026-10
a-e02279,a-acct-244,a-acct-244-l3,learner_invited,2026-09-09T04:58:00Z,control,,,,tal-2026-10
a-e00531,a-acct-062,a-acct-062-l1,lab_started,2026-09-09T05:14:00Z,control,,,lab-synthetic-5,tal-2026-10
a-e01853,a-acct-196,a-acct-196-l4,learner_invited,2026-09-09T05:17:00Z,treatment,,,,tal-2026-10
a-e01311,a-acct-141,a-acct-141-l2,lab_started,2026-09-09T05:19:00Z,treatment,,,lab-synthetic-4,tal-2026-10
a-e00351,a-acct-043,a-acct-043-l3,learner_invited,2026-09-09T05:29:00Z,treatment,,,,tal-2026-10
a-e01308,a-acct-141,a-acct-141-l1,lab_started,2026-09-09T05:32:00Z,treatment,,,lab-synthetic-1,tal-2026-10
a-e00452,a-acct-054,a-acct-054-l3,learner_invited,2026-09-09T05:50:00Z,treatment,,,,tal-2026-10
a-e01344,a-acct-143,a-acct-143-l1,lab_started,2026-09-09T05:51:00Z,treatment,,,lab-synthetic-1,tal-2026-10
a-e01477,a-acct-156,a-acct-156-l4,invite_accepted,2026-09-09T05:56:00Z,treatment,,,,tal-2026-10
a-e00299,a-acct-038,a-acct-038-l1,learner_invited,2026-09-09T05:59:00Z,treatment,,,,tal-2026-10
a-e02408,a-acct-255,a-acct-255-l4,invite_accepted,2026-09-09T05:59:00Z,treatment,,,,tal-2026-10
a-e02478,a-acct-265,a-acct-265-l1,learner_invited,2026-09-09T06:12:00Z,treatment,,,,tal-2026-10
a-e01659,a-acct-176,,plan_created,2026-09-09T06:24:00Z,treatment,goal-incident-response,a-acct-176-proof-7d,,tal-2026-10
a-e00534,a-acct-062,a-acct-062-l2,lab_started,2026-09-09T06:32:00Z,control,,,lab-synthetic-6,tal-2026-10
a-e01699,a-acct-180,,evaluation_started,2026-09-09T06:40:00Z,treatment,,,,tal-2026-10
a-e01689,a-acct-178,,evaluation_started,2026-09-09T06:49:00Z,treatment,,,,tal-2026-10
a-e01690,a-acct-178,,goal_selected,2026-09-09T07:16:00Z,treatment,goal-cloud-foundations,,,tal-2026-10
a-e01700,a-acct-180,,goal_selected,2026-09-09T07:17:00Z,treatment,goal-cloud-foundations,,,tal-2026-10
a-e01651,a-acct-174,a-acct-174-l5,meaningful_lab_completed,2026-09-09T07:24:00Z,treatment,,,lab-synthetic-2,tal-2026-10
a-e01203,a-acct-130,a-acct-130-l3,learner_invited,2026-09-09T07:31:00Z,control,,,,tal-2026-10
a-e00818,a-acct-091,a-acct-091-l1,learner_invited,2026-09-09T07:44:00Z,control,,,,tal-2026-10
a-e00950,a-acct-103,a-acct-103-l3,invite_accepted,2026-09-09T07:58:00Z,treatment,,,,tal-2026-10
a-e02009,a-acct-215,a-acct-215-l2,learner_opted_out,2026-09-09T07:59:00Z,control,,,,tal-2026-10
a-e02405,a-acct-255,a-acct-255-l3,lab_started,2026-09-09T08:03:00Z,treatment,,,lab-synthetic-1,tal-2026-10
a-e01701,a-acct-180,,plan_created,2026-09-09T08:05:00Z,treatment,goal-cloud-foundations,a-acct-180-proof-7d,,tal-2026-10
a-e01495,a-acct-158,a-acct-158-l5,learner_invited,2026-09-09T08:21:00Z,control,,,,tal-2026-10
a-e00343,a-acct-043,a-acct-043-l1,learner_invited,2026-09-09T08:26:00Z,treatment,,,,tal-2026-10
a-e02190,a-acct-235,a-acct-235-l2,lab_started,2026-09-09T08:39:00Z,treatment,,,lab-synthetic-6,tal-2026-10
a-e02224,a-acct-240,a-acct-240-l1,learner_invited,2026-09-09T08:48:00Z,control,,,,tal-2026-10
a-e00894,a-acct-097,a-acct-097-l3,learner_invited,2026-09-09T08:53:00Z,control,,,,tal-2026-10
a-e00257,a-acct-033,a-acct-033-l4,lab_started,2026-09-09T08:54:00Z,treatment,,,lab-synthetic-1,tal-2026-10
a-e01496,a-acct-158,a-acct-158-l5,invite_accepted,2026-09-09T09:08:00Z,control,,,,tal-2026-10
a-e00975,a-acct-108,a-acct-108-l3,learner_invited,2026-09-09T09:12:00Z,control,,,,tal-2026-10
a-e01471,a-acct-156,a-acct-156-l1,learner_invited,2026-09-09T09:27:00Z,treatment,,,,tal-2026-10
a-e00951,a-acct-103,a-acct-103-l3,lab_started,2026-09-09T09:43:00Z,treatment,,,lab-synthetic-1,tal-2026-10
a-e01145,a-acct-125,a-acct-125-l1,learner_invited,2026-09-09T09:44:00Z,control,,,,tal-2026-10
a-e02481,a-acct-265,a-acct-265-l2,learner_invited,2026-09-09T09:55:00Z,treatment,,,,tal-2026-10
a-e00375,a-acct-048,a-acct-048-l1,meaningful_lab_completed,2026-09-09T10:09:00Z,treatment,,,lab-synthetic-6,tal-2026-10
a-e02230,a-acct-240,a-acct-240-l5,learner_invited,2026-09-09T10:12:00Z,control,,,,tal-2026-10
a-e00187,a-acct-024,a-acct-024-l1,invite_accepted,2026-09-09T10:21:00Z,control,,,,tal-2026-10
a-e02281,a-acct-244,a-acct-244-l5,learner_invited,2026-09-09T10:26:00Z,control,,,,tal-2026-10
a-e02129,a-acct-228,,evaluation_started,2026-09-09T10:27:00Z,control,,,,tal-2026-10
a-e01691,a-acct-178,,plan_created,2026-09-09T10:35:00Z,treatment,goal-cloud-foundations,a-acct-178-proof-7d,,tal-2026-10
a-e02396,a-acct-255,a-acct-255-l1,invite_accepted,2026-09-09T10:36:00Z,treatment,,,,tal-2026-10
a-e01857,a-acct-197,a-acct-197-l1,learner_invited,2026-09-09T10:40:00Z,control,,,,tal-2026-10
a-e02185,a-acct-235,a-acct-235-l1,invite_accepted,2026-09-09T10:43:00Z,treatment,,,,tal-2026-10
a-e01349,a-acct-144,,evaluation_started,2026-09-09T10:48:00Z,treatment,,,,tal-2026-10
a-e00990,a-acct-110,a-acct-110-l1,invite_accepted,2026-09-09T10:55:00Z,control,,,,tal-2026-10
a-e01983,a-acct-211,,evaluation_started,2026-09-09T11:08:00Z,control,,,,tal-2026-10
a-e01146,a-acct-125,a-acct-125-l1,invite_accepted,2026-09-09T11:14:00Z,control,,,,tal-2026-10
a-e00116,a-acct-015,,evaluation_started,2026-09-09T11:23:00Z,treatment,,,,tal-2026-10
a-e01350,a-acct-144,,goal_selected,2026-09-09T11:24:00Z,treatment,goal-soc-onboarding,,,tal-2026-10
a-e01702,a-acct-180,a-acct-180-l1,learner_invited,2026-09-09T11:39:00Z,treatment,,,,tal-2026-10
a-e01295,a-acct-140,a-acct-140-l1,meaningful_lab_completed,2026-09-09T11:47:00Z,control,,,lab-synthetic-3,tal-2026-10
a-e00443,a-acct-053,a-acct-053-l2,meaningful_lab_completed,2026-09-09T11:49:00Z,control,,,lab-synthetic-6,tal-2026-10
a-e00774,a-acct-085,a-acct-085-l3,lab_started,2026-09-12T13:07:00Z,treatment,,,lab-synthetic-3,tal-2026-10
a-e02714,a-acct-286,a-acct-286-l1,invite_accepted,2026-09-09T11:56:00Z,control,,,,tal-2026-10
a-e00117,a-acct-015,,goal_selected,2026-09-09T12:08:00Z,treatment,goal-incident-response,,,tal-2026-10
a-e00007,a-acct-002,,evaluation_started,2026-09-09T12:09:00Z,control,,,,tal-2026-10
a-e01661,a-acct-176,a-acct-176-l2,learner_invited,2026-09-09T12:23:00Z,treatment,,,,tal-2026-10
a-e02203,a-acct-236,a-acct-236-l3,lab_started,2026-09-09T12:46:00Z,treatment,,,lab-synthetic-6,tal-2026-10
a-e02719,a-acct-286,a-acct-286-l4,invite_accepted,2026-09-09T12:50:00Z,control,,,,tal-2026-10
a-e01351,a-acct-144,,plan_created,2026-09-09T12:51:00Z,treatment,goal-soc-onboarding,a-acct-144-proof-7d,,tal-2026-10
a-e00890,a-acct-097,a-acct-097-l1,learner_invited,2026-09-09T13:12:00Z,control,,,,tal-2026-10
a-e00819,a-acct-091,a-acct-091-l1,invite_accepted,2026-09-09T13:23:00Z,control,,,,tal-2026-10
a-e00347,a-acct-043,a-acct-043-l2,learner_invited,2026-09-09T13:25:00Z,treatment,,,,tal-2026-10
a-e02228,a-acct-240,a-acct-240-l3,learner_invited,2026-09-09T13:32:00Z,control,,,,tal-2026-10
a-e01934,a-acct-206,,evaluation_started,2026-09-09T13:34:00Z,treatment,,,,tal-2026-10
a-e00188,a-acct-024,a-acct-024-l1,lab_started,2026-09-09T13:36:00Z,control,,,lab-synthetic-6,tal-2026-10
a-e01935,a-acct-206,,goal_selected,2026-09-09T13:43:00Z,treatment,goal-web-app-testing,,,tal-2026-10
a-e02277,a-acct-244,a-acct-244-l1,lab_started,2026-09-09T13:56:00Z,control,,,lab-synthetic-3,tal-2026-10
a-e01407,a-acct-148,a-acct-148-l2,invite_accepted,2026-09-09T14:03:00Z,treatment,,,,tal-2026-10
a-e01202,a-acct-130,a-acct-130-l2,lab_started,2026-09-09T14:07:00Z,control,,,lab-synthetic-1,tal-2026-10
a-e02226,a-acct-240,a-acct-240-l2,learner_invited,2026-09-09T14:11:00Z,control,,,,tal-2026-10
a-e02479,a-acct-265,a-acct-265-l1,invite_accepted,2026-09-09T14:36:00Z,treatment,,,,tal-2026-10
a-e01454,a-acct-154,a-acct-154-l2,meaningful_lab_completed,2026-09-09T14:39:00Z,control,,,lab-synthetic-2,tal-2026-10
a-e00119,a-acct-016,,plan_created,2026-09-09T14:54:00Z,control,,a-acct-016-generic,,tal-2026-10
a-e01936,a-acct-206,,plan_created,2026-09-09T15:46:00Z,treatment,goal-web-app-testing,a-acct-206-proof-7d,,tal-2026-10
a-e00128,a-acct-016,a-acct-016-l3,learner_invited,2026-09-09T15:56:00Z,control,,,,tal-2026-10
a-e02488,a-acct-266,,evaluation_started,2026-09-09T15:59:00Z,treatment,,,,tal-2026-10
a-e01204,a-acct-130,a-acct-130-l3,invite_accepted,2026-09-09T16:01:00Z,control,,,,tal-2026-10
a-e00449,a-acct-054,a-acct-054-l1,learner_invited,2026-09-09T16:10:00Z,treatment,,,,tal-2026-10
a-e02489,a-acct-266,,goal_selected,2026-09-09T16:20:00Z,treatment,goal-incident-response,,,tal-2026-10
a-e00994,a-acct-110,a-acct-110-l2,invite_accepted,2026-09-09T16:41:00Z,control,,,,tal-2026-10
a-e01974,a-acct-209,,evaluation_started,2026-09-09T16:42:00Z,treatment,,,,tal-2026-10
a-e00120,a-acct-016,a-acct-016-l1,learner_invited,2026-09-09T16:48:00Z,control,,,,tal-2026-10
a-e01149,a-acct-125,a-acct-125-l2,learner_invited,2026-09-09T17:00:00Z,control,,,,tal-2026-10
a-e01863,a-acct-197,a-acct-197-l4,invite_accepted,2026-09-09T17:02:00Z,control,,,,tal-2026-10
a-e02229,a-acct-240,a-acct-240-l4,learner_invited,2026-09-09T17:23:00Z,control,,,,tal-2026-10
a-e01852,a-acct-196,a-acct-196-l3,invite_accepted,2026-09-09T17:25:00Z,treatment,,,,tal-2026-10
a-e01975,a-acct-209,,goal_selected,2026-09-09T17:29:00Z,treatment,goal-incident-response,,,tal-2026-10
a-e01679,a-acct-177,a-acct-177-l3,lab_started,2026-09-21T07:08:00Z,treatment,,,lab-synthetic-2,tal-2026-10
a-e02410,a-acct-255,a-acct-255-l5,invite_accepted,2026-09-09T18:00:00Z,treatment,,,,tal-2026-10
a-e02280,a-acct-244,a-acct-244-l4,learner_invited,2026-09-09T18:37:00Z,control,,,,tal-2026-10
a-e00356,a-acct-043,a-acct-043-l4,invite_accepted,2026-09-09T18:59:00Z,treatment,,,,tal-2026-10
a-e01703,a-acct-180,a-acct-180-l1,invite_accepted,2026-09-09T18:59:00Z,treatment,,,,tal-2026-10
a-e01280,a-acct-138,a-acct-138-l5,meaningful_lab_completed,2026-09-09T19:01:00Z,control,,,lab-synthetic-1,tal-2026-10
a-e00744,a-acct-083,a-acct-083-l3,invite_accepted,2026-09-09T19:14:00Z,treatment,,,,tal-2026-10
a-e01260,a-acct-137,a-acct-137-l5,meaningful_lab_completed,2026-09-09T19:30:00Z,control,,,lab-synthetic-1,tal-2026-10
a-e00124,a-acct-016,a-acct-016-l2,learner_invited,2026-09-09T19:35:00Z,control,,,,tal-2026-10
a-e00974,a-acct-108,a-acct-108-l2,learner_invited,2026-09-09T20:28:00Z,control,,,,tal-2026-10
a-e02204,a-acct-236,a-acct-236-l3,meaningful_lab_completed,2026-09-09T20:30:00Z,treatment,,,lab-synthetic-6,tal-2026-10
a-e02397,a-acct-255,a-acct-255-l1,lab_started,2026-09-09T20:44:00Z,treatment,,,lab-synthetic-4,tal-2026-10
a-e01357,a-acct-144,a-acct-144-l3,learner_invited,2026-09-09T20:47:00Z,treatment,,,,tal-2026-10
a-e02594,a-acct-276,,evaluation_started,2026-09-09T20:53:00Z,control,,,,tal-2026-10
a-e01413,a-acct-148,a-acct-148-l4,invite_accepted,2026-09-09T21:13:00Z,treatment,,,,tal-2026-10
a-e02490,a-acct-266,,plan_created,2026-09-09T21:40:00Z,treatment,goal-incident-response,a-acct-266-proof-7d,,tal-2026-10
a-e02210,a-acct-236,a-acct-236-l5,lab_started,2026-09-09T21:58:00Z,treatment,,,lab-synthetic-6,tal-2026-10
a-e01854,a-acct-196,a-acct-196-l4,invite_accepted,2026-09-09T22:13:00Z,treatment,,,,tal-2026-10
a-e01696,a-acct-178,a-acct-178-l3,learner_invited,2026-09-09T22:19:00Z,treatment,,,,tal-2026-10
a-e01662,a-acct-176,a-acct-176-l3,learner_invited,2026-09-09T22:51:00Z,treatment,,,,tal-2026-10
a-e02278,a-acct-244,a-acct-244-l2,learner_invited,2026-09-09T22:56:00Z,control,,,,tal-2026-10
a-e01937,a-acct-206,a-acct-206-l1,learner_invited,2026-09-09T22:58:00Z,treatment,,,,tal-2026-10
a-e02485,a-acct-265,a-acct-265-l3,learner_invited,2026-09-09T23:13:00Z,treatment,,,,tal-2026-10
a-e01665,a-acct-176,a-acct-176-l5,learner_invited,2026-09-09T23:31:00Z,treatment,,,,tal-2026-10
a-e01949,a-acct-206,a-acct-206-l4,learner_invited,2026-09-09T23:34:00Z,treatment,,,,tal-2026-10
a-e01697,a-acct-178,a-acct-178-l4,learner_invited,2026-09-09T23:44:00Z,treatment,,,,tal-2026-10
a-e00344,a-acct-043,a-acct-043-l1,invite_accepted,2026-09-10T00:10:00Z,treatment,,,,tal-2026-10
a-e02282,a-acct-244,a-acct-244-l5,invite_accepted,2026-09-10T00:14:00Z,control,,,,tal-2026-10
a-e01403,a-acct-148,a-acct-148-l1,invite_accepted,2026-09-10T00:19:00Z,treatment,,,,tal-2026-10
a-e01694,a-acct-178,a-acct-178-l2,learner_invited,2026-09-10T00:24:00Z,treatment,,,,tal-2026-10
a-e01660,a-acct-176,a-acct-176-l1,learner_invited,2026-09-10T00:28:00Z,treatment,,,,tal-2026-10
a-e01950,a-acct-206,a-acct-206-l4,invite_accepted,2026-09-10T00:49:00Z,treatment,,,,tal-2026-10
a-e02061,a-acct-220,a-acct-220-l1,invite_accepted,2026-09-10T00:58:00Z,control,,,,tal-2026-10
a-e01945,a-acct-206,a-acct-206-l3,learner_invited,2026-09-10T01:01:00Z,treatment,,,,tal-2026-10
a-e00823,a-acct-091,a-acct-091-l3,lab_started,2026-09-10T01:15:00Z,control,,,lab-synthetic-3,tal-2026-10
a-e00421,a-acct-052,a-acct-052-l1,lab_started,2026-09-20T09:44:00Z,control,,,lab-synthetic-1,tal-2026-10
a-e02398,a-acct-255,a-acct-255-l1,meaningful_lab_completed,2026-09-10T01:22:00Z,treatment,,,lab-synthetic-4,tal-2026-10
a-e01410,a-acct-148,a-acct-148-l3,invite_accepted,2026-09-10T01:25:00Z,treatment,,,,tal-2026-10
a-e01198,a-acct-130,a-acct-130-l1,invite_accepted,2026-09-10T01:28:00Z,control,,,,tal-2026-10
a-e00996,a-acct-110,a-acct-110-l3,invite_accepted,2026-09-10T01:58:00Z,control,,,,tal-2026-10
a-e01664,a-acct-176,a-acct-176-l4,learner_invited,2026-09-10T02:07:00Z,treatment,,,,tal-2026-10
a-e00943,a-acct-103,a-acct-103-l1,invite_accepted,2026-09-10T02:12:00Z,treatment,,,,tal-2026-10
a-e02499,a-acct-266,a-acct-266-l4,learner_invited,2026-09-10T02:36:00Z,treatment,,,,tal-2026-10
a-e01864,a-acct-197,a-acct-197-l4,lab_started,2026-09-10T02:44:00Z,control,,,lab-synthetic-1,tal-2026-10
a-e00468,a-acct-056,,evaluation_started,2026-09-10T02:51:00Z,treatment,,,,tal-2026-10
a-e01199,a-acct-130,a-acct-130-l1,lab_started,2026-09-10T02:54:00Z,control,,,lab-synthetic-4,tal-2026-10
a-e02806,a-acct-297,,evaluation_started,2026-09-10T03:00:00Z,treatment,,,,tal-2026-10
a-e01353,a-acct-144,a-acct-144-l2,learner_invited,2026-09-10T03:04:00Z,treatment,,,,tal-2026-10
a-e02501,a-acct-266,a-acct-266-l5,learner_invited,2026-09-10T03:14:00Z,treatment,,,,tal-2026-10
a-e00469,a-acct-056,,goal_selected,2026-09-10T03:18:00Z,treatment,goal-incident-response,,,tal-2026-10
a-e01695,a-acct-178,a-acct-178-l2,learner_opted_out,2026-09-10T03:18:00Z,treatment,,,,tal-2026-10
a-e01704,a-acct-180,a-acct-180-l2,learner_invited,2026-09-10T03:25:00Z,treatment,,,,tal-2026-10
a-e01837,a-acct-195,,evaluation_started,2026-09-10T03:27:00Z,treatment,,,,tal-2026-10
a-e02401,a-acct-255,a-acct-255-l2,lab_started,2026-09-10T03:36:00Z,treatment,,,lab-synthetic-1,tal-2026-10
a-e02807,a-acct-297,,goal_selected,2026-09-10T03:44:00Z,treatment,goal-web-app-testing,,,tal-2026-10
a-e02064,a-acct-220,a-acct-220-l2,lab_started,2026-09-10T03:45:00Z,control,,,lab-synthetic-3,tal-2026-10
a-e01838,a-acct-195,,goal_selected,2026-09-10T03:57:00Z,treatment,goal-cloud-foundations,,,tal-2026-10
a-e00535,a-acct-062,a-acct-062-l2,meaningful_lab_completed,2026-09-10T04:27:00Z,control,,,lab-synthetic-6,tal-2026-10
a-e02250,a-acct-242,a-acct-242-l1,meaningful_lab_completed,2026-09-10T04:34:00Z,treatment,,,lab-synthetic-1,tal-2026-10
a-e02808,a-acct-297,,plan_created,2026-09-10T04:40:00Z,treatment,goal-web-app-testing,a-acct-297-proof-7d,,tal-2026-10
a-e00470,a-acct-056,,plan_created,2026-09-10T04:42:00Z,treatment,goal-incident-response,a-acct-056-proof-7d,,tal-2026-10
a-e02720,a-acct-286,a-acct-286-l4,lab_started,2026-09-10T05:09:00Z,control,,,lab-synthetic-1,tal-2026-10
a-e01692,a-acct-178,a-acct-178-l1,learner_invited,2026-09-10T05:31:00Z,treatment,,,,tal-2026-10
a-e02830,a-acct-300,a-acct-300-l1,invite_accepted,2026-09-17T03:21:00Z,treatment,,,,tal-2026-10
a-e01860,a-acct-197,a-acct-197-l2,invite_accepted,2026-09-10T05:50:00Z,control,,,,tal-2026-10
a-e01404,a-acct-148,a-acct-148-l1,lab_started,2026-09-10T05:52:00Z,treatment,,,lab-synthetic-2,tal-2026-10
a-e02426,a-acct-258,,evaluation_started,2026-09-10T05:53:00Z,treatment,,,,tal-2026-10
a-e01352,a-acct-144,a-acct-144-l1,learner_invited,2026-09-10T05:56:00Z,treatment,,,,tal-2026-10
a-e02427,a-acct-258,,goal_selected,2026-09-10T06:05:00Z,treatment,goal-incident-response,,,tal-2026-10
a-e02513,a-acct-269,,goal_selected,2026-09-10T06:11:00Z,treatment,goal-soc-onboarding,,,tal-2026-10
a-e00301,a-acct-038,a-acct-038-l2,invite_accepted,2026-09-10T06:13:00Z,treatment,,,,tal-2026-10
a-e01839,a-acct-195,,plan_created,2026-09-10T06:25:00Z,treatment,goal-cloud-foundations,a-acct-195-proof-7d,,tal-2026-10
a-e01354,a-acct-144,a-acct-144-l2,invite_accepted,2026-09-10T06:28:00Z,treatment,,,,tal-2026-10
a-e01946,a-acct-206,a-acct-206-l3,invite_accepted,2026-09-10T06:38:00Z,treatment,,,,tal-2026-10
a-e00098,a-acct-013,a-acct-013-l2,lab_started,2026-09-21T04:49:00Z,control,,,lab-synthetic-6,tal-2026-10
a-e00971,a-acct-108,a-acct-108-l1,learner_invited,2026-09-10T06:41:00Z,control,,,,tal-2026-10
a-e01841,a-acct-195,a-acct-195-l2,learner_invited,2026-09-10T06:44:00Z,treatment,,,,tal-2026-10
a-e02191,a-acct-235,a-acct-235-l2,meaningful_lab_completed,2026-09-10T07:00:00Z,treatment,,,lab-synthetic-6,tal-2026-10
a-e01850,a-acct-196,a-acct-196-l2,invite_accepted,2026-09-10T07:33:00Z,treatment,,,,tal-2026-10
a-e00895,a-acct-097,a-acct-097-l3,invite_accepted,2026-09-10T07:43:00Z,control,,,,tal-2026-10
a-e00451,a-acct-054,a-acct-054-l2,invite_accepted,2026-09-10T07:49:00Z,treatment,,,,tal-2026-10
a-e00311,a-acct-040,,evaluation_started,2026-09-10T07:55:00Z,treatment,,,,tal-2026-10
a-e00008,a-acct-003,,evaluation_started,2026-09-10T07:57:00Z,treatment,,,,tal-2026-10
a-e00129,a-acct-016,a-acct-016-l3,invite_accepted,2026-09-10T08:03:00Z,control,,,,tal-2026-10
a-e02491,a-acct-266,a-acct-266-l1,learner_invited,2026-09-10T08:19:00Z,treatment,,,,tal-2026-10
a-e00745,a-acct-083,a-acct-083-l3,lab_started,2026-09-10T08:27:00Z,treatment,,,lab-synthetic-4,tal-2026-10
a-e01359,a-acct-144,a-acct-144-l4,learner_invited,2026-09-10T08:27:00Z,treatment,,,,tal-2026-10
a-e01491,a-acct-158,a-acct-158-l2,learner_invited,2026-09-10T08:43:00Z,control,,,,tal-2026-10
a-e00009,a-acct-003,,goal_selected,2026-09-10T08:50:00Z,treatment,goal-web-app-testing,,,tal-2026-10
a-e00312,a-acct-040,,goal_selected,2026-09-10T08:57:00Z,treatment,goal-incident-response,,,tal-2026-10
a-e00539,a-acct-062,a-acct-062-l3,meaningful_lab_completed,2026-09-10T09:03:00Z,control,,,lab-synthetic-3,tal-2026-10
a-e01941,a-acct-206,a-acct-206-l2,learner_invited,2026-09-10T09:03:00Z,treatment,,,,tal-2026-10
a-e02496,a-acct-266,a-acct-266-l3,learner_invited,2026-09-10T09:13:00Z,treatment,,,,tal-2026-10
a-e00509,a-acct-059,a-acct-059-l1,lab_started,2026-09-23T09:01:00Z,treatment,,,lab-synthetic-4,tal-2026-10
a-e00121,a-acct-016,a-acct-016-l1,invite_accepted,2026-09-10T09:34:00Z,control,,,,tal-2026-10
a-e01872,a-acct-199,,evaluation_started,2026-09-10T10:01:00Z,treatment,,,,tal-2026-10
a-e00475,a-acct-056,a-acct-056-l2,learner_invited,2026-09-10T10:34:00Z,treatment,,,,tal-2026-10
a-e01873,a-acct-199,,goal_selected,2026-09-10T10:49:00Z,treatment,goal-web-app-testing,,,tal-2026-10
a-e02428,a-acct-258,,plan_created,2026-09-10T11:04:00Z,treatment,goal-incident-response,a-acct-258-proof-7d,,tal-2026-10
a-e02514,a-acct-269,,plan_created,2026-09-10T11:05:00Z,treatment,goal-soc-onboarding,a-acct-269-proof-7d,,tal-2026-10
a-e01126,a-acct-124,,plan_created,2026-09-10T11:31:00Z,control,,a-acct-124-generic,,tal-2026-10
a-e00100,a-acct-014,,evaluation_started,2026-09-10T11:35:00Z,control,,,,tal-2026-10
a-e00481,a-acct-056,a-acct-056-l4,learner_invited,2026-09-10T11:37:00Z,treatment,,,,tal-2026-10
a-e00761,a-acct-085,,evaluation_started,2026-09-10T11:37:00Z,treatment,,,,tal-2026-10
a-e02494,a-acct-266,a-acct-266-l2,learner_invited,2026-09-10T11:39:00Z,treatment,,,,tal-2026-10
a-e02517,a-acct-269,a-acct-269-l2,learner_invited,2026-09-10T11:40:00Z,treatment,,,,tal-2026-10
a-e00348,a-acct-043,a-acct-043-l2,invite_accepted,2026-09-10T11:49:00Z,treatment,,,,tal-2026-10
a-e01874,a-acct-199,,plan_created,2026-09-10T11:53:00Z,treatment,goal-web-app-testing,a-acct-199-proof-7d,,tal-2026-10
a-e00762,a-acct-085,,goal_selected,2026-09-10T11:55:00Z,treatment,goal-incident-response,,,tal-2026-10
a-e00978,a-acct-109,,evaluation_started,2026-09-10T11:57:00Z,control,,,,tal-2026-10
a-e02411,a-acct-255,a-acct-255-l5,lab_started,2026-09-10T11:57:00Z,treatment,,,lab-synthetic-5,tal-2026-10
a-e02455,a-acct-261,,evaluation_started,2026-09-10T12:03:00Z,control,,,,tal-2026-10
a-e02486,a-acct-265,a-acct-265-l3,invite_accepted,2026-09-10T12:32:00Z,treatment,,,,tal-2026-10
a-e00891,a-acct-097,a-acct-097-l1,invite_accepted,2026-09-10T12:37:00Z,control,,,,tal-2026-10
a-e02433,a-acct-258,a-acct-258-l3,learner_invited,2026-09-10T12:38:00Z,treatment,,,,tal-2026-10
a-e00313,a-acct-040,,plan_created,2026-09-10T12:45:00Z,treatment,goal-incident-response,a-acct-040-proof-7d,,tal-2026-10
a-e00352,a-acct-043,a-acct-043-l3,invite_accepted,2026-09-10T12:47:00Z,treatment,,,,tal-2026-10
a-e00944,a-acct-103,a-acct-103-l1,lab_started,2026-09-10T12:48:00Z,treatment,,,lab-synthetic-6,tal-2026-10
a-e00972,a-acct-108,a-acct-108-l1,invite_accepted,2026-09-10T13:08:00Z,control,,,,tal-2026-10
a-e02227,a-acct-240,a-acct-240-l2,invite_accepted,2026-09-10T13:09:00Z,control,,,,tal-2026-10
a-e02466,a-acct-263,,evaluation_started,2026-09-10T13:16:00Z,control,,,,tal-2026-10
a-e00946,a-acct-103,a-acct-103-l2,invite_accepted,2026-09-10T13:35:00Z,treatment,,,,tal-2026-10
a-e02231,a-acct-240,a-acct-240-l5,invite_accepted,2026-09-10T13:35:00Z,control,,,,tal-2026-10
a-e00010,a-acct-003,,plan_created,2026-09-10T13:45:00Z,treatment,goal-web-app-testing,a-acct-003-proof-7d,,tal-2026-10
a-e02406,a-acct-255,a-acct-255-l3,meaningful_lab_completed,2026-09-10T13:47:00Z,treatment,,,lab-synthetic-1,tal-2026-10
a-e02814,a-acct-297,a-acct-297-l3,learner_invited,2026-09-10T14:04:00Z,treatment,,,,tal-2026-10
a-e00991,a-acct-110,a-acct-110-l1,lab_started,2026-09-10T14:29:00Z,control,,,lab-synthetic-1,tal-2026-10
a-e00976,a-acct-108,a-acct-108-l4,learner_invited,2026-09-10T14:57:00Z,control,,,,tal-2026-10
a-e00189,a-acct-024,a-acct-024-l1,meaningful_lab_completed,2026-09-10T15:24:00Z,control,,,lab-synthetic-6,tal-2026-10
a-e00763,a-acct-085,,plan_created,2026-09-10T15:45:00Z,treatment,goal-incident-response,a-acct-085-proof-7d,,tal-2026-10
a-e00018,a-acct-003,a-acct-003-l3,learner_invited,2026-09-10T15:59:00Z,treatment,,,,tal-2026-10
a-e01942,a-acct-206,a-acct-206-l2,invite_accepted,2026-09-10T16:19:00Z,treatment,,,,tal-2026-10
a-e01358,a-acct-144,a-acct-144-l3,invite_accepted,2026-09-10T16:22:00Z,treatment,,,,tal-2026-10
a-e01663,a-acct-176,a-acct-176-l3,learner_opted_out,2026-09-10T17:01:00Z,treatment,,,,tal-2026-10
a-e02007,a-acct-215,a-acct-215-l1,invite_accepted,2026-09-10T17:04:00Z,control,,,,tal-2026-10
a-e00353,a-acct-043,a-acct-043-l3,lab_started,2026-09-10T17:07:00Z,treatment,,,lab-synthetic-4,tal-2026-10
a-e00772,a-acct-085,a-acct-085-l3,learner_invited,2026-09-10T17:08:00Z,treatment,,,,tal-2026-10
a-e01408,a-acct-148,a-acct-148-l2,lab_started,2026-09-10T17:17:00Z,treatment,,,lab-synthetic-2,tal-2026-10
a-e02515,a-acct-269,a-acct-269-l1,learner_invited,2026-09-10T17:21:00Z,treatment,,,,tal-2026-10
a-e02186,a-acct-235,a-acct-235-l1,lab_started,2026-09-10T17:22:00Z,treatment,,,lab-synthetic-5,tal-2026-10
a-e00020,a-acct-003,a-acct-003-l4,learner_invited,2026-09-10T17:35:00Z,treatment,,,,tal-2026-10
a-e01150,a-acct-125,a-acct-125-l2,invite_accepted,2026-09-10T17:38:00Z,control,,,,tal-2026-10
a-e01131,a-acct-124,a-acct-124-l2,learner_invited,2026-09-10T17:51:00Z,control,,,,tal-2026-10
a-e01489,a-acct-158,a-acct-158-l1,learner_invited,2026-09-10T18:16:00Z,control,,,,tal-2026-10
a-e01705,a-acct-180,a-acct-180-l2,invite_accepted,2026-09-10T18:37:00Z,treatment,,,,tal-2026-10
a-e01984,a-acct-211,,plan_created,2026-09-10T18:40:00Z,control,,a-acct-211-generic,,tal-2026-10
a-e02225,a-acct-240,a-acct-240-l1,invite_accepted,2026-09-10T18:44:00Z,control,,,,tal-2026-10
a-e01360,a-acct-144,a-acct-144-l4,invite_accepted,2026-09-10T18:58:00Z,treatment,,,,tal-2026-10
a-e02521,a-acct-269,a-acct-269-l3,learner_invited,2026-09-10T19:09:00Z,treatment,,,,tal-2026-10
a-e00555,a-acct-064,a-acct-064-l3,meaningful_lab_completed,2026-09-10T19:10:00Z,treatment,,,lab-synthetic-3,tal-2026-10
a-e00977,a-acct-108,a-acct-108-l4,invite_accepted,2026-09-10T19:13:00Z,control,,,,tal-2026-10
a-e01947,a-acct-206,a-acct-206-l3,lab_started,2026-09-10T19:36:00Z,treatment,,,lab-synthetic-6,tal-2026-10
a-e01842,a-acct-195,a-acct-195-l2,invite_accepted,2026-09-10T19:39:00Z,treatment,,,,tal-2026-10
a-e02809,a-acct-297,a-acct-297-l1,learner_invited,2026-09-10T19:39:00Z,treatment,,,,tal-2026-10
a-e01481,a-acct-157,a-acct-157-l1,learner_invited,2026-09-15T14:15:00Z,treatment,,,,tal-2026-10
a-e01161,a-acct-127,a-acct-127-l1,meaningful_lab_completed,2026-09-10T20:05:00Z,treatment,,,lab-synthetic-6,tal-2026-10
a-e02516,a-acct-269,a-acct-269-l1,invite_accepted,2026-09-10T20:12:00Z,treatment,,,,tal-2026-10
a-e00082,a-acct-012,,evaluation_started,2026-09-10T20:23:00Z,treatment,,,,tal-2026-10
a-e01493,a-acct-158,a-acct-158-l3,learner_invited,2026-09-10T20:31:00Z,control,,,,tal-2026-10
a-e00776,a-acct-085,a-acct-085-l4,learner_invited,2026-09-10T20:36:00Z,treatment,,,,tal-2026-10
a-e02460,a-acct-261,a-acct-261-l2,learner_invited,2026-09-10T20:51:00Z,control,,,,tal-2026-10
a-e00471,a-acct-056,a-acct-056-l1,learner_invited,2026-09-10T20:59:00Z,treatment,,,,tal-2026-10
a-e00083,a-acct-012,,goal_selected,2026-09-10T21:00:00Z,treatment,goal-soc-onboarding,,,tal-2026-10
a-e01497,a-acct-158,a-acct-158-l5,lab_started,2026-09-10T21:01:00Z,control,,,lab-synthetic-3,tal-2026-10
a-e02429,a-acct-258,a-acct-258-l1,learner_invited,2026-09-10T21:08:00Z,treatment,,,,tal-2026-10
a-e02813,a-acct-297,a-acct-297-l2,learner_invited,2026-09-10T21:18:00Z,treatment,,,,tal-2026-10
a-e00021,a-acct-003,a-acct-003-l5,learner_invited,2026-09-10T21:26:00Z,treatment,,,,tal-2026-10
a-e02350,a-acct-251,,evaluation_started,2026-09-10T21:29:00Z,control,,,,tal-2026-10
a-e00764,a-acct-085,a-acct-085-l1,learner_invited,2026-09-10T21:30:00Z,treatment,,,,tal-2026-10
a-e01411,a-acct-148,a-acct-148-l3,lab_started,2026-09-10T21:36:00Z,treatment,,,lab-synthetic-6,tal-2026-10
a-e01879,a-acct-199,a-acct-199-l2,learner_invited,2026-09-10T21:40:00Z,treatment,,,,tal-2026-10
a-e00477,a-acct-056,a-acct-056-l3,learner_invited,2026-09-10T22:01:00Z,treatment,,,,tal-2026-10
a-e00314,a-acct-040,a-acct-040-l1,learner_invited,2026-09-10T22:04:00Z,treatment,,,,tal-2026-10
a-e00122,a-acct-016,a-acct-016-l1,lab_started,2026-09-10T22:05:00Z,control,,,lab-synthetic-4,tal-2026-10
a-e00559,a-acct-064,a-acct-064-l4,meaningful_lab_completed,2026-09-10T22:09:00Z,treatment,,,lab-synthetic-5,tal-2026-10
a-e00800,a-acct-089,a-acct-089-l1,meaningful_lab_completed,2026-09-10T22:09:00Z,treatment,,,lab-synthetic-1,tal-2026-10
a-e01139,a-acct-124,a-acct-124-l4,learner_invited,2026-09-10T22:34:00Z,control,,,,tal-2026-10
a-e01147,a-acct-125,a-acct-125-l1,lab_started,2026-09-10T22:36:00Z,control,,,lab-synthetic-6,tal-2026-10
a-e00349,a-acct-043,a-acct-043-l2,lab_started,2026-09-10T22:38:00Z,treatment,,,lab-synthetic-1,tal-2026-10
a-e02482,a-acct-265,a-acct-265-l2,invite_accepted,2026-09-10T22:46:00Z,treatment,,,,tal-2026-10
a-e00130,a-acct-016,a-acct-016-l3,lab_started,2026-09-10T23:17:00Z,control,,,lab-synthetic-3,tal-2026-10
a-e02283,a-acct-244,a-acct-244-l5,lab_started,2026-09-10T23:25:00Z,control,,,lab-synthetic-5,tal-2026-10
a-e01523,a-acct-162,,evaluation_started,2026-09-10T23:39:00Z,control,,,,tal-2026-10
a-e00483,a-acct-056,a-acct-056-l5,learner_invited,2026-09-11T00:09:00Z,treatment,,,,tal-2026-10
a-e00345,a-acct-043,a-acct-043-l1,lab_started,2026-09-11T00:17:00Z,treatment,,,lab-synthetic-1,tal-2026-10
a-e02769,a-acct-293,,evaluation_started,2026-09-11T00:18:00Z,treatment,,,,tal-2026-10
a-e01127,a-acct-124,a-acct-124-l1,learner_invited,2026-09-11T00:28:00Z,control,,,,tal-2026-10
a-e00322,a-acct-040,a-acct-040-l3,learner_invited,2026-09-11T00:33:00Z,treatment,,,,tal-2026-10
a-e00019,a-acct-003,a-acct-003-l3,invite_accepted,2026-09-11T00:55:00Z,treatment,,,,tal-2026-10
a-e02461,a-acct-261,a-acct-261-l2,invite_accepted,2026-09-11T01:11:00Z,control,,,,tal-2026-10
a-e00315,a-acct-040,a-acct-040-l1,invite_accepted,2026-09-11T01:16:00Z,treatment,,,,tal-2026-10
a-e02770,a-acct-293,,goal_selected,2026-09-11T01:16:00Z,treatment,goal-soc-onboarding,,,tal-2026-10
a-e00014,a-acct-003,a-acct-003-l2,learner_invited,2026-09-11T01:18:00Z,treatment,,,,tal-2026-10
a-e00979,a-acct-109,,plan_created,2026-09-11T01:18:00Z,control,,a-acct-109-generic,,tal-2026-10
a-e01414,a-acct-148,a-acct-148-l4,lab_started,2026-09-11T01:30:00Z,treatment,,,lab-synthetic-4,tal-2026-10
a-e02480,a-acct-265,a-acct-265-l1,lab_started,2026-09-11T01:34:00Z,treatment,,,lab-synthetic-4,tal-2026-10
a-e00084,a-acct-012,,plan_created,2026-09-11T01:52:00Z,treatment,goal-soc-onboarding,a-acct-012-proof-7d,,tal-2026-10
a-e00892,a-acct-097,a-acct-097-l1,lab_started,2026-09-11T01:59:00Z,control,,,lab-synthetic-6,tal-2026-10
a-e00011,a-acct-003,a-acct-003-l1,learner_invited,2026-09-11T02:05:00Z,treatment,,,,tal-2026-10
a-e01840,a-acct-195,a-acct-195-l1,learner_invited,2026-09-11T02:14:00Z,treatment,,,,tal-2026-10
a-e02021,a-acct-217,,evaluation_started,2026-09-11T02:23:00Z,treatment,,,,tal-2026-10
a-e02431,a-acct-258,a-acct-258-l2,learner_invited,2026-09-11T02:26:00Z,treatment,,,,tal-2026-10
a-e01693,a-acct-178,a-acct-178-l1,invite_accepted,2026-09-11T02:45:00Z,treatment,,,,tal-2026-10
a-e02596,a-acct-276,a-acct-276-l1,learner_invited,2026-09-11T02:57:00Z,control,,,,tal-2026-10
a-e00731,a-acct-082,,evaluation_started,2026-09-11T02:59:00Z,treatment,,,,tal-2026-10
a-e02022,a-acct-217,,goal_selected,2026-09-11T03:09:00Z,treatment,goal-soc-onboarding,,,tal-2026-10
a-e02497,a-acct-266,a-acct-266-l3,invite_accepted,2026-09-11T03:09:00Z,treatment,,,,tal-2026-10
a-e00732,a-acct-082,,goal_selected,2026-09-11T03:13:00Z,treatment,goal-incident-response,,,tal-2026-10
a-e00947,a-acct-103,a-acct-103-l2,lab_started,2026-09-11T03:29:00Z,treatment,,,lab-synthetic-6,tal-2026-10
a-e00125,a-acct-016,a-acct-016-l2,invite_accepted,2026-09-11T03:38:00Z,control,,,,tal-2026-10
a-e01875,a-acct-199,a-acct-199-l1,learner_invited,2026-09-11T04:08:00Z,treatment,,,,tal-2026-10
a-e02595,a-acct-276,,plan_created,2026-09-11T04:13:00Z,control,,a-acct-276-generic,,tal-2026-10
a-e00768,a-acct-085,a-acct-085-l2,learner_invited,2026-09-11T04:32:00Z,treatment,,,,tal-2026-10
a-e01987,a-acct-211,a-acct-211-l2,learner_invited,2026-09-11T04:37:00Z,control,,,,tal-2026-10
a-e00980,a-acct-109,a-acct-109-l1,learner_invited,2026-09-11T04:44:00Z,control,,,,tal-2026-10
a-e00318,a-acct-040,a-acct-040-l2,learner_invited,2026-09-11T04:59:00Z,treatment,,,,tal-2026-10
a-e02487,a-acct-265,a-acct-265-l3,lab_started,2026-09-11T04:59:00Z,treatment,,,lab-synthetic-5,tal-2026-10
a-e01415,a-acct-148,a-acct-148-l4,meaningful_lab_completed,2026-09-11T05:00:00Z,treatment,,,lab-synthetic-4,tal-2026-10
a-e00323,a-acct-040,a-acct-040-l3,invite_accepted,2026-09-11T05:35:00Z,treatment,,,,tal-2026-10
a-e02065,a-acct-220,a-acct-220-l2,meaningful_lab_completed,2026-09-11T05:38:00Z,control,,,lab-synthetic-3,tal-2026-10
a-e01843,a-acct-195,a-acct-195-l2,lab_started,2026-09-11T05:47:00Z,treatment,,,lab-synthetic-4,tal-2026-10
a-e00779,a-acct-085,a-acct-085-l5,learner_invited,2026-09-11T05:48:00Z,treatment,,,,tal-2026-10
a-e00960,a-acct-105,,evaluation_started,2026-09-11T05:57:00Z,control,,,,tal-2026-10
a-e02518,a-acct-269,a-acct-269-l2,invite_accepted,2026-09-11T06:16:00Z,treatment,,,,tal-2026-10
a-e00896,a-acct-097,a-acct-097-l3,lab_started,2026-09-11T06:23:00Z,control,,,lab-synthetic-2,tal-2026-10
a-e01706,a-acct-180,a-acct-180-l2,lab_started,2026-09-11T06:26:00Z,treatment,,,lab-synthetic-1,tal-2026-10
a-e02771,a-acct-293,,plan_created,2026-09-11T06:28:00Z,treatment,goal-soc-onboarding,a-acct-293-proof-7d,,tal-2026-10
a-e01492,a-acct-158,a-acct-158-l2,invite_accepted,2026-09-11T06:29:00Z,control,,,,tal-2026-10
a-e02784,a-acct-293,a-acct-293-l5,learner_invited,2026-09-11T06:55:00Z,treatment,,,,tal-2026-10
a-e00733,a-acct-082,,plan_created,2026-09-11T07:00:00Z,treatment,goal-incident-response,a-acct-082-proof-7d,,tal-2026-10
a-e00236,a-acct-030,a-acct-030-l3,meaningful_lab_completed,2026-09-11T07:16:00Z,control,,,lab-synthetic-4,tal-2026-10
a-e02023,a-acct-217,,plan_created,2026-09-11T07:26:00Z,treatment,goal-soc-onboarding,a-acct-217-proof-7d,,tal-2026-10
a-e02498,a-acct-266,a-acct-266-l3,lab_started,2026-09-11T07:38:00Z,treatment,,,lab-synthetic-6,tal-2026-10
a-e02026,a-acct-217,a-acct-217-l2,learner_invited,2026-09-11T07:52:00Z,treatment,,,,tal-2026-10
a-e02597,a-acct-276,a-acct-276-l1,invite_accepted,2026-09-11T08:17:00Z,control,,,,tal-2026-10
a-e00085,a-acct-012,a-acct-012-l1,learner_invited,2026-09-11T08:19:00Z,treatment,,,,tal-2026-10
a-e01988,a-acct-211,a-acct-211-l3,learner_invited,2026-09-11T08:44:00Z,control,,,,tal-2026-10
a-e02780,a-acct-293,a-acct-293-l4,learner_invited,2026-09-11T09:09:00Z,treatment,,,,tal-2026-10
a-e00482,a-acct-056,a-acct-056-l4,invite_accepted,2026-09-11T09:55:00Z,treatment,,,,tal-2026-10
a-e00092,a-acct-012,a-acct-012-l4,learner_invited,2026-09-11T10:04:00Z,treatment,,,,tal-2026-10
a-e02781,a-acct-293,a-acct-293-l4,invite_accepted,2026-09-11T10:28:00Z,treatment,,,,tal-2026-10
a-e01951,a-acct-206,a-acct-206-l4,lab_started,2026-09-11T10:58:00Z,treatment,,,lab-synthetic-3,tal-2026-10
a-e01140,a-acct-124,a-acct-124-l4,invite_accepted,2026-09-11T11:19:00Z,control,,,,tal-2026-10
a-e02352,a-acct-251,a-acct-251-l1,learner_invited,2026-09-11T11:58:00Z,control,,,,tal-2026-10
a-e00484,a-acct-056,a-acct-056-l5,invite_accepted,2026-09-11T12:12:00Z,treatment,,,,tal-2026-10
a-e02430,a-acct-258,a-acct-258-l1,invite_accepted,2026-09-11T12:13:00Z,treatment,,,,tal-2026-10
a-e01321,a-acct-141,a-acct-141-l5,meaningful_lab_completed,2026-09-11T12:24:00Z,treatment,,,lab-synthetic-1,tal-2026-10
a-e01938,a-acct-206,a-acct-206-l1,invite_accepted,2026-09-11T12:25:00Z,treatment,,,,tal-2026-10
a-e01985,a-acct-211,a-acct-211-l1,learner_invited,2026-09-11T13:09:00Z,control,,,,tal-2026-10
a-e00985,a-acct-109,a-acct-109-l4,learner_invited,2026-09-11T13:14:00Z,control,,,,tal-2026-10
a-e02351,a-acct-251,,plan_created,2026-09-11T13:14:00Z,control,,a-acct-251-generic,,tal-2026-10
a-e02772,a-acct-293,a-acct-293-l1,learner_invited,2026-09-11T13:36:00Z,treatment,,,,tal-2026-10
a-e02599,a-acct-276,a-acct-276-l2,learner_invited,2026-09-11T14:11:00Z,control,,,,tal-2026-10
a-e00408,a-acct-051,,evaluation_started,2026-09-11T14:31:00Z,control,,,,tal-2026-10
a-e01943,a-acct-206,a-acct-206-l2,lab_started,2026-09-11T14:31:00Z,treatment,,,lab-synthetic-4,tal-2026-10
a-e01777,a-acct-190,,evaluation_started,2026-09-11T14:36:00Z,treatment,,,,tal-2026-10
a-e02773,a-acct-293,a-acct-293-l2,learner_invited,2026-09-11T14:37:00Z,treatment,,,,tal-2026-10
a-e02522,a-acct-269,a-acct-269-l3,invite_accepted,2026-09-11T14:59:00Z,treatment,,,,tal-2026-10
a-e01355,a-acct-144,a-acct-144-l2,lab_started,2026-09-11T15:00:00Z,treatment,,,lab-synthetic-4,tal-2026-10
a-e02500,a-acct-266,a-acct-266-l4,invite_accepted,2026-09-11T15:03:00Z,treatment,,,,tal-2026-10
a-e02200,a-acct-236,a-acct-236-l2,meaningful_lab_completed,2026-09-11T15:21:00Z,treatment,,,lab-synthetic-6,tal-2026-10
a-e01778,a-acct-190,,goal_selected,2026-09-11T15:36:00Z,treatment,goal-soc-onboarding,,,tal-2026-10
a-e00091,a-acct-012,a-acct-012-l3,learner_invited,2026-09-11T15:37:00Z,treatment,,,,tal-2026-10
a-e00986,a-acct-109,a-acct-109-l5,learner_invited,2026-09-11T15:43:00Z,control,,,,tal-2026-10
a-e02033,a-acct-217,a-acct-217-l4,learner_invited,2026-09-11T15:45:00Z,treatment,,,,tal-2026-10
a-e01141,a-acct-124,a-acct-124-l4,lab_started,2026-09-11T16:12:00Z,control,,,lab-synthetic-3,tal-2026-10
a-e00089,a-acct-012,a-acct-012-l2,learner_invited,2026-09-11T16:31:00Z,treatment,,,,tal-2026-10
a-e00354,a-acct-043,a-acct-043-l3,meaningful_lab_completed,2026-09-11T16:45:00Z,treatment,,,lab-synthetic-4,tal-2026-10
a-e00101,a-acct-014,,plan_created,2026-09-11T16:51:00Z,control,,a-acct-014-generic,,tal-2026-10
a-e01490,a-acct-158,a-acct-158-l1,invite_accepted,2026-09-11T16:55:00Z,control,,,,tal-2026-10
a-e02810,a-acct-297,a-acct-297-l1,invite_accepted,2026-09-11T16:57:00Z,treatment,,,,tal-2026-10
a-e01939,a-acct-206,a-acct-206-l1,lab_started,2026-09-11T16:58:00Z,treatment,,,lab-synthetic-4,tal-2026-10
a-e00123,a-acct-016,a-acct-016-l1,meaningful_lab_completed,2026-09-11T17:03:00Z,control,,,lab-synthetic-4,tal-2026-10
a-e00476,a-acct-056,a-acct-056-l2,invite_accepted,2026-09-11T17:03:00Z,treatment,,,,tal-2026-10
a-e00123-retry,a-acct-016,a-acct-016-l1,meaningful_lab_completed,2026-09-11T17:03:00Z,control,,,lab-synthetic-4,tal-2026-10
a-e00131,a-acct-016,a-acct-016-l3,meaningful_lab_completed,2026-09-11T17:06:00Z,control,,,lab-synthetic-3,tal-2026-10
a-e02492,a-acct-266,a-acct-266-l1,invite_accepted,2026-09-11T17:13:00Z,treatment,,,,tal-2026-10
a-e01498,a-acct-158,a-acct-158-l5,meaningful_lab_completed,2026-09-11T17:17:00Z,control,,,lab-synthetic-3,tal-2026-10
a-e02785,a-acct-293,a-acct-293-l5,invite_accepted,2026-09-11T17:33:00Z,treatment,,,,tal-2026-10
a-e00485,a-acct-056,a-acct-056-l5,lab_started,2026-09-11T17:44:00Z,treatment,,,lab-synthetic-5,tal-2026-10
a-e01531,a-acct-162,a-acct-162-l5,learner_invited,2026-09-11T17:54:00Z,control,,,,tal-2026-10
a-e00012,a-acct-003,a-acct-003-l1,invite_accepted,2026-09-11T18:35:00Z,treatment,,,,tal-2026-10
a-e00780,a-acct-085,a-acct-085-l5,invite_accepted,2026-09-11T18:36:00Z,treatment,,,,tal-2026-10
a-e00765,a-acct-085,a-acct-085-l1,invite_accepted,2026-09-11T18:37:00Z,treatment,,,,tal-2026-10
a-e00126,a-acct-016,a-acct-016-l2,lab_started,2026-09-11T19:14:00Z,control,,,lab-synthetic-6,tal-2026-10
a-e00983,a-acct-109,a-acct-109-l3,learner_invited,2026-09-11T19:16:00Z,control,,,,tal-2026-10
a-e02030,a-acct-217,a-acct-217-l3,learner_invited,2026-09-11T19:29:00Z,treatment,,,,tal-2026-10
a-e00478,a-acct-056,a-acct-056-l3,invite_accepted,2026-09-11T19:30:00Z,treatment,,,,tal-2026-10
a-e00777,a-acct-085,a-acct-085-l4,invite_accepted,2026-09-11T20:02:00Z,treatment,,,,tal-2026-10
a-e01779,a-acct-190,,plan_created,2026-09-11T20:10:00Z,treatment,goal-soc-onboarding,a-acct-190-proof-7d,,tal-2026-10
a-e00409,a-acct-051,a-acct-051-l1,learner_invited,2026-09-11T20:25:00Z,control,,,,tal-2026-10
a-e02402,a-acct-255,a-acct-255-l2,meaningful_lab_completed,2026-09-11T20:30:00Z,treatment,,,lab-synthetic-1,tal-2026-10
a-e02600,a-acct-276,a-acct-276-l3,learner_invited,2026-09-11T20:31:00Z,control,,,,tal-2026-10
a-e02024,a-acct-217,a-acct-217-l1,learner_invited,2026-09-11T20:39:00Z,treatment,,,,tal-2026-10
a-e00372,a-acct-048,a-acct-048-l1,learner_invited,2026-09-04T15:26:00Z,treatment,,,,tal-2026-10
a-e00973,a-acct-108,a-acct-108-l1,lab_started,2026-09-11T20:52:00Z,control,,,lab-synthetic-6,tal-2026-10
a-e01524,a-acct-162,,plan_created,2026-09-11T20:57:00Z,control,,a-acct-162-generic,,tal-2026-10
a-e02358,a-acct-251,a-acct-251-l3,learner_invited,2026-09-11T21:03:00Z,control,,,,tal-2026-10
a-e02523,a-acct-269,a-acct-269-l3,lab_started,2026-09-11T21:12:00Z,treatment,,,lab-synthetic-6,tal-2026-10
a-e00981,a-acct-109,a-acct-109-l2,learner_invited,2026-09-11T21:19:00Z,control,,,,tal-2026-10
a-e00734,a-acct-082,a-acct-082-l1,learner_invited,2026-09-11T21:28:00Z,treatment,,,,tal-2026-10
a-e02519,a-acct-269,a-acct-269-l2,lab_started,2026-09-11T22:05:00Z,treatment,,,lab-synthetic-6,tal-2026-10
a-e01530,a-acct-162,a-acct-162-l4,learner_invited,2026-09-11T22:10:00Z,control,,,,tal-2026-10
a-e02776,a-acct-293,a-acct-293-l3,learner_invited,2026-09-11T22:24:00Z,treatment,,,,tal-2026-10
a-e00132,a-acct-017,,evaluation_started,2026-09-11T22:46:00Z,control,,,,tal-2026-10
a-e02483,a-acct-265,a-acct-265-l2,lab_started,2026-09-11T23:02:00Z,treatment,,,lab-synthetic-4,tal-2026-10
a-e02362,a-acct-251,a-acct-251-l4,learner_invited,2026-09-11T23:09:00Z,control,,,,tal-2026-10
a-e02598,a-acct-276,a-acct-276-l1,lab_started,2026-09-11T23:32:00Z,control,,,lab-synthetic-5,tal-2026-10
a-e01929,a-acct-205,,evaluation_started,2026-09-11T23:41:00Z,treatment,,,,tal-2026-10
a-e02777,a-acct-293,a-acct-293-l3,invite_accepted,2026-09-12T00:04:00Z,treatment,,,,tal-2026-10
a-e00773,a-acct-085,a-acct-085-l3,invite_accepted,2026-09-12T00:05:00Z,treatment,,,,tal-2026-10
a-e01930,a-acct-205,,goal_selected,2026-09-12T00:20:00Z,treatment,goal-incident-response,,,tal-2026-10
a-e00090,a-acct-012,a-acct-012-l2,invite_accepted,2026-09-12T00:21:00Z,treatment,,,,tal-2026-10
a-e02495,a-acct-266,a-acct-266-l2,invite_accepted,2026-09-12T00:36:00Z,treatment,,,,tal-2026-10
a-e02722,a-acct-287,,evaluation_started,2026-09-12T00:37:00Z,control,,,,tal-2026-10
a-e01361,a-acct-144,a-acct-144-l4,lab_started,2026-09-12T01:24:00Z,treatment,,,lab-synthetic-6,tal-2026-10
a-e00735,a-acct-082,a-acct-082-l2,learner_invited,2026-09-12T01:31:00Z,treatment,,,,tal-2026-10
a-e01529,a-acct-162,a-acct-162-l3,learner_invited,2026-09-12T01:55:00Z,control,,,,tal-2026-10
a-e01362,a-acct-144,a-acct-144-l4,meaningful_lab_completed,2026-09-12T01:57:00Z,treatment,,,lab-synthetic-6,tal-2026-10
a-e01132,a-acct-124,a-acct-124-l2,invite_accepted,2026-09-12T02:23:00Z,control,,,,tal-2026-10
a-e00133,a-acct-017,,plan_created,2026-09-12T02:28:00Z,control,,a-acct-017-generic,,tal-2026-10
a-e02462,a-acct-261,a-acct-261-l3,learner_invited,2026-09-12T02:29:00Z,control,,,,tal-2026-10
a-e02571,a-acct-274,,evaluation_started,2026-09-12T02:50:00Z,treatment,,,,tal-2026-10
a-e00138,a-acct-017,a-acct-017-l4,learner_invited,2026-09-12T03:00:00Z,control,,,,tal-2026-10
a-e01931,a-acct-205,,plan_created,2026-09-12T03:05:00Z,treatment,goal-incident-response,a-acct-205-proof-7d,,tal-2026-10
a-e02572,a-acct-274,,goal_selected,2026-09-12T03:27:00Z,treatment,goal-incident-response,,,tal-2026-10
a-e00108,a-acct-014,a-acct-014-l3,learner_invited,2026-09-12T03:31:00Z,control,,,,tal-2026-10
a-e02774,a-acct-293,a-acct-293-l2,invite_accepted,2026-09-12T03:35:00Z,treatment,,,,tal-2026-10
a-e02456,a-acct-261,a-acct-261-l1,learner_invited,2026-09-12T03:40:00Z,control,,,,tal-2026-10
a-e00013,a-acct-003,a-acct-003-l1,lab_started,2026-09-12T04:00:00Z,treatment,,,lab-synthetic-2,tal-2026-10
a-e00416,a-acct-051,a-acct-051-l5,learner_invited,2026-09-12T04:26:00Z,control,,,,tal-2026-10
a-e00778,a-acct-085,a-acct-085-l4,lab_started,2026-09-12T04:36:00Z,treatment,,,lab-synthetic-2,tal-2026-10
a-e00781,a-acct-085,a-acct-085-l5,lab_started,2026-09-12T05:11:00Z,treatment,,,lab-synthetic-3,tal-2026-10
a-e02359,a-acct-251,a-acct-251-l3,invite_accepted,2026-09-12T05:20:00Z,control,,,,tal-2026-10
a-e00102,a-acct-014,a-acct-014-l1,learner_invited,2026-09-12T05:35:00Z,control,,,,tal-2026-10
a-e01345,a-acct-143,a-acct-143-l1,meaningful_lab_completed,2026-09-12T05:40:00Z,treatment,,,lab-synthetic-1,tal-2026-10
a-e00136,a-acct-017,a-acct-017-l3,learner_invited,2026-09-12T05:45:00Z,control,,,,tal-2026-10
a-e02354,a-acct-251,a-acct-251-l2,learner_invited,2026-09-12T05:47:00Z,control,,,,tal-2026-10
a-e01525,a-acct-162,a-acct-162-l1,learner_invited,2026-09-12T05:55:00Z,control,,,,tal-2026-10
a-e00238,a-acct-032,,evaluation_started,2026-09-12T06:03:00Z,control,,,,tal-2026-10
a-e00411,a-acct-051,a-acct-051-l2,learner_invited,2026-09-12T06:07:00Z,control,,,,tal-2026-10
a-e00414,a-acct-051,a-acct-051-l4,learner_invited,2026-09-12T06:34:00Z,control,,,,tal-2026-10
a-e00350,a-acct-043,a-acct-043-l2,meaningful_lab_completed,2026-09-12T06:46:00Z,treatment,,,lab-synthetic-1,tal-2026-10
a-e02786,a-acct-293,a-acct-293-l5,lab_started,2026-09-12T06:46:00Z,treatment,,,lab-synthetic-5,tal-2026-10
a-e02782,a-acct-293,a-acct-293-l4,lab_started,2026-09-12T06:56:00Z,treatment,,,lab-synthetic-1,tal-2026-10
a-e00472,a-acct-056,a-acct-056-l1,invite_accepted,2026-09-12T07:07:00Z,treatment,,,,tal-2026-10
a-e02366,a-acct-251,a-acct-251-l5,learner_invited,2026-09-12T07:24:00Z,control,,,,tal-2026-10
a-e02670,a-acct-282,,evaluation_started,2026-09-12T07:32:00Z,treatment,,,,tal-2026-10
a-e01136,a-acct-124,a-acct-124-l3,invite_accepted,2026-09-12T07:37:00Z,control,,,,tal-2026-10
a-e01784,a-acct-190,a-acct-190-l2,learner_invited,2026-09-12T07:52:00Z,treatment,,,,tal-2026-10
a-e00086,a-acct-012,a-acct-012-l1,invite_accepted,2026-09-12T07:54:00Z,treatment,,,,tal-2026-10
a-e02671,a-acct-282,,goal_selected,2026-09-12T07:55:00Z,treatment,goal-web-app-testing,,,tal-2026-10
a-e02031,a-acct-217,a-acct-217-l3,invite_accepted,2026-09-12T07:57:00Z,treatment,,,,tal-2026-10
a-e00948,a-acct-103,a-acct-103-l2,meaningful_lab_completed,2026-09-12T08:26:00Z,treatment,,,lab-synthetic-6,tal-2026-10
a-e00106,a-acct-014,a-acct-014-l2,learner_invited,2026-09-12T08:39:00Z,control,,,,tal-2026-10
a-e00316,a-acct-040,a-acct-040-l1,lab_started,2026-09-12T08:39:00Z,treatment,,,lab-synthetic-3,tal-2026-10
a-e02355,a-acct-251,a-acct-251-l2,invite_accepted,2026-09-12T08:46:00Z,control,,,,tal-2026-10
a-e00952,a-acct-103,a-acct-103-l3,meaningful_lab_completed,2026-09-12T08:58:00Z,treatment,,,lab-synthetic-1,tal-2026-10
a-e02573,a-acct-274,,plan_created,2026-09-12T09:01:00Z,treatment,goal-incident-response,a-acct-274-proof-7d,,tal-2026-10
a-e01707,a-acct-180,a-acct-180-l2,meaningful_lab_completed,2026-09-12T09:21:00Z,treatment,,,lab-synthetic-1,tal-2026-10
a-e00112,a-acct-014,a-acct-014-l4,learner_invited,2026-09-12T09:25:00Z,control,,,,tal-2026-10
a-e02778,a-acct-293,a-acct-293-l3,lab_started,2026-09-12T09:28:00Z,treatment,,,lab-synthetic-1,tal-2026-10
a-e02432,a-acct-258,a-acct-258-l2,invite_accepted,2026-09-12T09:31:00Z,treatment,,,,tal-2026-10
a-e01137,a-acct-124,a-acct-124-l3,lab_started,2026-09-12T09:32:00Z,control,,,lab-synthetic-1,tal-2026-10
a-e02672,a-acct-282,,plan_created,2026-09-12T09:39:00Z,treatment,goal-web-app-testing,a-acct-282-proof-7d,,tal-2026-10
a-e00766,a-acct-085,a-acct-085-l1,lab_started,2026-09-12T09:50:00Z,treatment,,,lab-synthetic-6,tal-2026-10
a-e01526,a-acct-162,a-acct-162-l2,learner_invited,2026-09-12T10:07:00Z,control,,,,tal-2026-10
a-e02360,a-acct-251,a-acct-251-l3,lab_started,2026-09-12T10:07:00Z,control,,,lab-synthetic-6,tal-2026-10
a-e00346,a-acct-043,a-acct-043-l1,meaningful_lab_completed,2026-09-12T10:14:00Z,treatment,,,lab-synthetic-1,tal-2026-10
a-e00769,a-acct-085,a-acct-085-l2,invite_accepted,2026-09-12T10:14:00Z,treatment,,,,tal-2026-10
a-e00107,a-acct-014,a-acct-014-l2,invite_accepted,2026-09-12T10:46:00Z,control,,,,tal-2026-10
a-e02027,a-acct-217,a-acct-217-l2,invite_accepted,2026-09-12T11:23:00Z,treatment,,,,tal-2026-10
a-e00324,a-acct-040,a-acct-040-l3,lab_started,2026-09-12T11:35:00Z,treatment,,,lab-synthetic-2,tal-2026-10
a-e01876,a-acct-199,a-acct-199-l1,invite_accepted,2026-09-12T11:50:00Z,treatment,,,,tal-2026-10
a-e01780,a-acct-190,a-acct-190-l1,learner_invited,2026-09-12T12:26:00Z,treatment,,,,tal-2026-10
a-e02256,a-acct-242,a-acct-242-l3,meaningful_lab_completed,2026-09-09T11:49:00Z,treatment,,,lab-synthetic-3,tal-2026-10
a-e02034,a-acct-217,a-acct-217-l4,invite_accepted,2026-09-12T13:10:00Z,treatment,,,,tal-2026-10
a-e00926,a-acct-101,,evaluation_started,2026-09-12T13:19:00Z,treatment,,,,tal-2026-10
a-e00201,a-acct-026,,evaluation_started,2026-09-12T13:33:00Z,control,,,,tal-2026-10
a-e02583,a-acct-274,a-acct-274-l5,learner_invited,2026-09-12T13:35:00Z,treatment,,,,tal-2026-10
a-e02627,a-acct-279,,evaluation_started,2026-09-12T13:45:00Z,treatment,,,,tal-2026-10
a-e01148,a-acct-125,a-acct-125-l1,meaningful_lab_completed,2026-09-12T13:47:00Z,control,,,lab-synthetic-6,tal-2026-10
a-e00927,a-acct-101,,goal_selected,2026-09-12T13:52:00Z,treatment,goal-incident-response,,,tal-2026-10
a-e01128,a-acct-124,a-acct-124-l1,invite_accepted,2026-09-12T14:09:00Z,control,,,,tal-2026-10
a-e02746,a-acct-291,,evaluation_started,2026-09-12T14:24:00Z,treatment,,,,tal-2026-10
a-e00087,a-acct-012,a-acct-012-l1,lab_started,2026-09-12T14:36:00Z,treatment,,,lab-synthetic-1,tal-2026-10
a-e02628,a-acct-279,,goal_selected,2026-09-12T14:40:00Z,treatment,goal-incident-response,,,tal-2026-10
a-e02629,a-acct-279,,plan_created,2026-09-12T14:43:00Z,treatment,goal-incident-response,a-acct-279-proof-7d,,tal-2026-10
a-e00109,a-acct-014,a-acct-014-l3,invite_accepted,2026-09-12T15:07:00Z,control,,,,tal-2026-10
a-e02747,a-acct-291,,goal_selected,2026-09-12T15:12:00Z,treatment,goal-web-app-testing,,,tal-2026-10
a-e00015,a-acct-003,a-acct-003-l2,invite_accepted,2026-09-12T15:17:00Z,treatment,,,,tal-2026-10
a-e02584,a-acct-274,a-acct-274-l5,invite_accepted,2026-09-12T15:39:00Z,treatment,,,,tal-2026-10
a-e00770,a-acct-085,a-acct-085-l2,lab_started,2026-09-12T15:52:00Z,treatment,,,lab-synthetic-5,tal-2026-10
a-e02797,a-acct-295,a-acct-295-l4,invite_accepted,2026-09-17T20:49:00Z,treatment,,,,tal-2026-10
a-e02645,a-acct-279,a-acct-279-l5,learner_invited,2026-09-12T16:10:00Z,treatment,,,,tal-2026-10
a-e00134,a-acct-017,a-acct-017-l1,learner_invited,2026-09-12T16:30:00Z,control,,,,tal-2026-10
a-e02463,a-acct-261,a-acct-261-l3,invite_accepted,2026-09-12T16:30:00Z,control,,,,tal-2026-10
a-e02356,a-acct-251,a-acct-251-l2,lab_started,2026-09-12T16:46:00Z,control,,,lab-synthetic-3,tal-2026-10
a-e02484,a-acct-265,a-acct-265-l2,meaningful_lab_completed,2026-09-12T16:46:00Z,treatment,,,lab-synthetic-4,tal-2026-10
a-e02434,a-acct-259,,evaluation_started,2026-09-12T16:49:00Z,control,,,,tal-2026-10
a-e02574,a-acct-274,a-acct-274-l1,learner_invited,2026-09-12T16:54:00Z,treatment,,,,tal-2026-10
a-e02601,a-acct-276,a-acct-276-l3,invite_accepted,2026-09-12T16:56:00Z,control,,,,tal-2026-10
a-e02678,a-acct-282,a-acct-282-l3,learner_invited,2026-09-12T16:58:00Z,treatment,,,,tal-2026-10
a-e02723,a-acct-287,,plan_created,2026-09-12T16:58:00Z,control,,a-acct-287-generic,,tal-2026-10
a-e00928,a-acct-101,,plan_created,2026-09-12T17:00:00Z,treatment,goal-incident-response,a-acct-101-proof-7d,,tal-2026-10
a-e02726,a-acct-287,a-acct-287-l2,learner_invited,2026-09-12T17:14:00Z,control,,,,tal-2026-10
a-e00319,a-acct-040,a-acct-040-l2,invite_accepted,2026-09-12T18:12:00Z,treatment,,,,tal-2026-10
a-e02576,a-acct-274,a-acct-274-l2,learner_invited,2026-09-12T18:15:00Z,treatment,,,,tal-2026-10
a-e01559,a-acct-168,,evaluation_started,2026-09-12T18:35:00Z,treatment,,,,tal-2026-10
a-e02025,a-acct-217,a-acct-217-l1,invite_accepted,2026-09-12T18:39:00Z,treatment,,,,tal-2026-10
a-e02748,a-acct-291,,plan_created,2026-09-12T19:03:00Z,treatment,goal-web-app-testing,a-acct-291-proof-7d,,tal-2026-10
a-e01560,a-acct-168,,goal_selected,2026-09-12T19:39:00Z,treatment,goal-soc-onboarding,,,tal-2026-10
a-e01928,a-acct-204,,evaluation_started,2026-09-12T19:56:00Z,control,,,,tal-2026-10
a-e01877,a-acct-199,a-acct-199-l1,lab_started,2026-09-12T20:10:00Z,treatment,,,lab-synthetic-4,tal-2026-10
a-e00984,a-acct-109,a-acct-109-l3,learner_opted_out,2026-09-12T20:13:00Z,control,,,,tal-2026-10
a-e02353,a-acct-251,a-acct-251-l1,invite_accepted,2026-09-12T20:16:00Z,control,,,,tal-2026-10
a-e00016,a-acct-003,a-acct-003-l2,lab_started,2026-09-12T20:35:00Z,treatment,,,lab-synthetic-2,tal-2026-10
a-e01885,a-acct-200,a-acct-200-l3,learner_invited,2026-09-02T23:45:00Z,treatment,,,,tal-2026-10
a-e02575,a-acct-274,a-acct-274-l1,learner_opted_out,2026-09-12T20:53:00Z,treatment,,,,tal-2026-10
a-e02729,a-acct-287,a-acct-287-l4,learner_invited,2026-09-12T20:59:00Z,control,,,,tal-2026-10
a-e01986,a-acct-211,a-acct-211-l1,invite_accepted,2026-09-12T21:14:00Z,control,,,,tal-2026-10
a-e02457,a-acct-261,a-acct-261-l1,invite_accepted,2026-09-12T21:18:00Z,control,,,,tal-2026-10
a-e01932,a-acct-205,a-acct-205-l1,learner_invited,2026-09-12T21:26:00Z,treatment,,,,tal-2026-10
a-e02581,a-acct-274,a-acct-274-l4,learner_invited,2026-09-12T21:27:00Z,treatment,,,,tal-2026-10
a-e01561,a-acct-168,,plan_created,2026-09-12T21:31:00Z,treatment,goal-soc-onboarding,a-acct-168-proof-7d,,tal-2026-10
a-e02811,a-acct-297,a-acct-297-l1,lab_started,2026-09-12T21:41:00Z,treatment,,,lab-synthetic-1,tal-2026-10
a-e00135,a-acct-017,a-acct-017-l2,learner_invited,2026-09-12T21:53:00Z,control,,,,tal-2026-10
a-e02675,a-acct-282,a-acct-282-l2,learner_invited,2026-09-12T21:55:00Z,treatment,,,,tal-2026-10
a-e02357,a-acct-251,a-acct-251-l2,meaningful_lab_completed,2026-09-12T22:19:00Z,control,,,lab-synthetic-3,tal-2026-10
a-e01564,a-acct-168,a-acct-168-l2,learner_invited,2026-09-12T22:21:00Z,treatment,,,,tal-2026-10
a-e01566,a-acct-168,a-acct-168-l3,learner_invited,2026-09-12T22:53:00Z,treatment,,,,tal-2026-10
a-e00103,a-acct-014,a-acct-014-l1,invite_accepted,2026-09-12T23:07:00Z,control,,,,tal-2026-10
a-e00651,a-acct-075,,evaluation_started,2026-09-12T23:09:00Z,control,,,,tal-2026-10
a-e01527,a-acct-162,a-acct-162-l2,invite_accepted,2026-09-12T23:32:00Z,control,,,,tal-2026-10
a-e01944,a-acct-206,a-acct-206-l2,meaningful_lab_completed,2026-09-12T23:46:00Z,treatment,,,lab-synthetic-4,tal-2026-10
a-e00929,a-acct-101,a-acct-101-l1,learner_invited,2026-09-13T00:25:00Z,treatment,,,,tal-2026-10
a-e02630,a-acct-279,a-acct-279-l1,learner_invited,2026-09-13T00:39:00Z,treatment,,,,tal-2026-10
a-e02493,a-acct-266,a-acct-266-l1,lab_started,2026-09-13T00:41:00Z,treatment,,,lab-synthetic-5,tal-2026-10
a-e00992,a-acct-110,a-acct-110-l1,meaningful_lab_completed,2026-09-13T00:45:00Z,control,,,lab-synthetic-1,tal-2026-10
a-e02577,a-acct-274,a-acct-274-l3,learner_invited,2026-09-13T00:48:00Z,treatment,,,,tal-2026-10
a-e02731,a-acct-287,a-acct-287-l5,learner_invited,2026-09-13T00:51:00Z,control,,,,tal-2026-10
a-e02642,a-acct-279,a-acct-279-l4,learner_invited,2026-09-13T01:20:00Z,treatment,,,,tal-2026-10
a-e00410,a-acct-051,a-acct-051-l1,invite_accepted,2026-09-13T01:25:00Z,control,,,,tal-2026-10
a-e01755,a-acct-186,,evaluation_started,2026-09-13T01:41:00Z,treatment,,,,tal-2026-10
a-e01142,a-acct-124,a-acct-124-l4,meaningful_lab_completed,2026-09-13T02:02:00Z,control,,,lab-synthetic-3,tal-2026-10
a-e00663,a-acct-075,a-acct-075-l5,learner_invited,2026-09-13T02:10:00Z,control,,,,tal-2026-10
a-e01953,a-acct-207,,evaluation_started,2026-09-13T02:12:00Z,treatment,,,,tal-2026-10
a-e01475,a-acct-156,a-acct-156-l3,lab_started,2026-09-10T06:40:00Z,treatment,,,lab-synthetic-4,tal-2026-10
a-e01954,a-acct-207,,goal_selected,2026-09-13T02:41:00Z,treatment,goal-soc-onboarding,,,tal-2026-10
a-e02751,a-acct-291,a-acct-291-l2,learner_invited,2026-09-13T02:43:00Z,treatment,,,,tal-2026-10
a-e01568,a-acct-168,a-acct-168-l4,learner_invited,2026-09-13T02:44:00Z,treatment,,,,tal-2026-10
a-e02727,a-acct-287,a-acct-287-l3,learner_invited,2026-09-13T03:00:00Z,control,,,,tal-2026-10
a-e01565,a-acct-168,a-acct-168-l2,invite_accepted,2026-09-13T03:03:00Z,treatment,,,,tal-2026-10
a-e00480,a-acct-056,a-acct-056-l3,meaningful_lab_completed,2026-09-13T03:17:00Z,treatment,,,lab-synthetic-3,tal-2026-10
a-e00783,a-acct-086,,evaluation_started,2026-09-13T03:50:00Z,control,,,,tal-2026-10
a-e00930,a-acct-101,a-acct-101-l2,learner_invited,2026-09-13T03:53:00Z,treatment,,,,tal-2026-10
a-e02435,a-acct-259,,plan_created,2026-09-13T04:12:00Z,control,,a-acct-259-generic,,tal-2026-10
a-e00658,a-acct-075,a-acct-075-l3,learner_invited,2026-09-13T04:39:00Z,control,,,,tal-2026-10
a-e01757,a-acct-186,,plan_created,2026-09-13T04:52:00Z,treatment,goal-incident-response,a-acct-186-proof-7d,,tal-2026-10
a-e00113,a-acct-014,a-acct-014-l4,invite_accepted,2026-09-13T04:55:00Z,control,,,,tal-2026-10
a-e01405,a-acct-148,a-acct-148-l1,meaningful_lab_completed,2026-09-13T05:07:00Z,treatment,,,lab-synthetic-2,tal-2026-10
a-e01129,a-acct-124,a-acct-124-l1,lab_started,2026-09-13T05:08:00Z,control,,,lab-synthetic-4,tal-2026-10
a-e01844,a-acct-195,a-acct-195-l2,meaningful_lab_completed,2026-09-13T05:14:00Z,treatment,,,lab-synthetic-4,tal-2026-10
a-e01940,a-acct-206,a-acct-206-l1,meaningful_lab_completed,2026-09-13T05:19:00Z,treatment,,,lab-synthetic-4,tal-2026-10
a-e00652,a-acct-075,,plan_created,2026-09-13T05:28:00Z,control,,a-acct-075-generic,,tal-2026-10
a-e01758,a-acct-186,a-acct-186-l1,learner_invited,2026-09-13T05:32:00Z,treatment,,,,tal-2026-10
a-e00137,a-acct-017,a-acct-017-l3,invite_accepted,2026-09-13T05:39:00Z,control,,,,tal-2026-10
a-e02673,a-acct-282,a-acct-282-l1,learner_invited,2026-09-13T05:43:00Z,treatment,,,,tal-2026-10
a-e02028,a-acct-217,a-acct-217-l2,lab_started,2026-09-13T05:53:00Z,treatment,,,lab-synthetic-1,tal-2026-10
a-e01955,a-acct-207,,plan_created,2026-09-13T05:54:00Z,treatment,goal-soc-onboarding,a-acct-207-proof-7d,,tal-2026-10
a-e02812,a-acct-297,a-acct-297-l1,meaningful_lab_completed,2026-09-13T05:58:00Z,treatment,,,lab-synthetic-1,tal-2026-10
a-e00657,a-acct-075,a-acct-075-l2,learner_invited,2026-09-13T06:14:00Z,control,,,,tal-2026-10
a-e02749,a-acct-291,a-acct-291-l1,learner_invited,2026-09-13T06:45:00Z,treatment,,,,tal-2026-10
a-e00239,a-acct-032,,plan_created,2026-09-13T06:58:00Z,control,,a-acct-032-generic,,tal-2026-10
a-e00775,a-acct-085,a-acct-085-l3,meaningful_lab_completed,2026-09-13T07:00:00Z,treatment,,,lab-synthetic-3,tal-2026-10
a-e02775,a-acct-293,a-acct-293-l2,lab_started,2026-09-13T07:08:00Z,treatment,,,lab-synthetic-5,tal-2026-10
a-e02412,a-acct-255,a-acct-255-l5,meaningful_lab_completed,2026-09-13T07:14:00Z,treatment,,,lab-synthetic-5,tal-2026-10
a-e02753,a-acct-291,a-acct-291-l3,learner_invited,2026-09-13T07:26:00Z,treatment,,,,tal-2026-10
a-e02724,a-acct-287,a-acct-287-l1,learner_invited,2026-09-13T07:29:00Z,control,,,,tal-2026-10
a-e02436,a-acct-259,a-acct-259-l1,learner_invited,2026-09-13T07:46:00Z,control,,,,tal-2026-10
a-e02524,a-acct-269,a-acct-269-l3,meaningful_lab_completed,2026-09-13T07:53:00Z,treatment,,,lab-synthetic-6,tal-2026-10
a-e02646,a-acct-279,a-acct-279-l5,invite_accepted,2026-09-13T07:58:00Z,treatment,,,,tal-2026-10
a-e02363,a-acct-251,a-acct-251-l4,invite_accepted,2026-09-13T08:05:00Z,control,,,,tal-2026-10
a-e02585,a-acct-274,a-acct-274-l5,lab_started,2026-09-13T08:16:00Z,treatment,,,lab-synthetic-6,tal-2026-10
a-e02725,a-acct-287,a-acct-287-l1,invite_accepted,2026-09-13T08:26:00Z,control,,,,tal-2026-10
a-e00931,a-acct-101,a-acct-101-l2,invite_accepted,2026-09-13T08:38:00Z,treatment,,,,tal-2026-10
a-e00932,a-acct-101,a-acct-101-l3,learner_invited,2026-09-13T08:50:00Z,treatment,,,,tal-2026-10
a-e02634,a-acct-279,a-acct-279-l2,learner_invited,2026-09-13T09:06:00Z,treatment,,,,tal-2026-10
a-e02187,a-acct-235,a-acct-235-l1,meaningful_lab_completed,2026-09-13T09:07:00Z,treatment,,,lab-synthetic-5,tal-2026-10
a-e02674,a-acct-282,a-acct-282-l1,invite_accepted,2026-09-13T09:13:00Z,treatment,,,,tal-2026-10
a-e02638,a-acct-279,a-acct-279-l3,learner_invited,2026-09-13T09:16:00Z,treatment,,,,tal-2026-10
a-e02467,a-acct-264,,evaluation_started,2026-09-13T09:19:00Z,control,,,,tal-2026-10
a-e01567,a-acct-168,a-acct-168-l3,learner_opted_out,2026-09-13T09:20:00Z,treatment,,,,tal-2026-10
a-e00982,a-acct-109,a-acct-109-l2,invite_accepted,2026-09-13T09:29:00Z,control,,,,tal-2026-10
a-e00718,a-acct-081,,evaluation_started,2026-09-13T09:40:00Z,control,,,,tal-2026-10
a-e01948,a-acct-206,a-acct-206-l3,meaningful_lab_completed,2026-09-13T10:03:00Z,treatment,,,lab-synthetic-6,tal-2026-10
a-e01528,a-acct-162,a-acct-162-l2,lab_started,2026-09-13T10:15:00Z,control,,,lab-synthetic-6,tal-2026-10
a-e02730,a-acct-287,a-acct-287-l4,invite_accepted,2026-09-13T10:26:00Z,control,,,,tal-2026-10
a-e02442,a-acct-259,a-acct-259-l5,learner_invited,2026-09-13T10:34:00Z,control,,,,tal-2026-10
a-e02441,a-acct-259,a-acct-259-l4,learner_invited,2026-09-13T10:39:00Z,control,,,,tal-2026-10
a-e01562,a-acct-168,a-acct-168-l1,learner_invited,2026-09-13T10:41:00Z,treatment,,,,tal-2026-10
a-e00244,a-acct-032,a-acct-032-l3,learner_invited,2026-09-13T11:26:00Z,control,,,,tal-2026-10
a-e01976,a-acct-210,,evaluation_started,2026-09-13T11:34:00Z,control,,,,tal-2026-10
a-e00720,a-acct-081,a-acct-081-l1,learner_invited,2026-09-13T12:01:00Z,control,,,,tal-2026-10
a-e01133,a-acct-124,a-acct-124-l2,lab_started,2026-09-13T12:03:00Z,control,,,lab-synthetic-4,tal-2026-10
a-e02676,a-acct-282,a-acct-282-l2,invite_accepted,2026-09-13T12:14:00Z,treatment,,,,tal-2026-10
a-e02586,a-acct-274,a-acct-274-l5,meaningful_lab_completed,2026-09-13T12:29:00Z,treatment,,,lab-synthetic-6,tal-2026-10
a-e00473,a-acct-056,a-acct-056-l1,lab_started,2026-09-13T12:37:00Z,treatment,,,lab-synthetic-3,tal-2026-10
a-e00151,a-acct-020,,evaluation_started,2026-09-13T13:02:00Z,control,,,,tal-2026-10
a-e01957,a-acct-207,a-acct-207-l2,learner_invited,2026-09-13T13:11:00Z,treatment,,,,tal-2026-10
a-e00721,a-acct-081,a-acct-081-l1,invite_accepted,2026-09-13T13:12:00Z,control,,,,tal-2026-10
a-e00412,a-acct-051,a-acct-051-l3,learner_invited,2026-09-13T13:13:00Z,control,,,,tal-2026-10
a-e00719,a-acct-081,,plan_created,2026-09-13T13:25:00Z,control,,a-acct-081-generic,,tal-2026-10
a-e01962,a-acct-207,a-acct-207-l4,learner_invited,2026-09-13T13:25:00Z,treatment,,,,tal-2026-10
a-e02420,a-acct-257,,evaluation_started,2026-09-13T13:30:00Z,treatment,,,,tal-2026-10
a-e00474,a-acct-056,a-acct-056-l1,meaningful_lab_completed,2026-09-13T13:33:00Z,treatment,,,lab-synthetic-3,tal-2026-10
a-e02439,a-acct-259,a-acct-259-l3,learner_invited,2026-09-13T13:46:00Z,control,,,,tal-2026-10
a-e00953,a-acct-104,,evaluation_started,2026-09-13T13:51:00Z,control,,,,tal-2026-10
a-e00208,a-acct-028,,evaluation_started,2026-09-13T13:52:00Z,control,,,,tal-2026-10
a-e02421,a-acct-257,,goal_selected,2026-09-13T14:11:00Z,treatment,goal-web-app-testing,,,tal-2026-10
a-e01617,a-acct-173,,evaluation_started,2026-09-13T14:12:00Z,control,,,,tal-2026-10
a-e00771,a-acct-085,a-acct-085-l2,meaningful_lab_completed,2026-09-13T14:34:00Z,treatment,,,lab-synthetic-5,tal-2026-10
a-e01785,a-acct-190,a-acct-190-l2,invite_accepted,2026-09-13T14:35:00Z,treatment,,,,tal-2026-10
a-e01982,a-acct-210,a-acct-210-l4,learner_invited,2026-09-13T14:49:00Z,control,,,,tal-2026-10
a-e00245,a-acct-032,a-acct-032-l3,invite_accepted,2026-09-13T14:55:00Z,control,,,,tal-2026-10
a-e02639,a-acct-279,a-acct-279-l3,invite_accepted,2026-09-13T15:04:00Z,treatment,,,,tal-2026-10
a-e02422,a-acct-257,,plan_created,2026-09-13T15:16:00Z,treatment,goal-web-app-testing,a-acct-257-proof-7d,,tal-2026-10
a-e02647,a-acct-279,a-acct-279-l5,lab_started,2026-09-13T15:20:00Z,treatment,,,lab-synthetic-2,tal-2026-10
a-e00653,a-acct-075,a-acct-075-l1,learner_invited,2026-09-13T15:46:00Z,control,,,,tal-2026-10
a-e02631,a-acct-279,a-acct-279-l1,invite_accepted,2026-09-13T15:46:00Z,treatment,,,,tal-2026-10
a-e00659,a-acct-075,a-acct-075-l4,learner_invited,2026-09-13T16:23:00Z,control,,,,tal-2026-10
a-e01619,a-acct-173,a-acct-173-l1,learner_invited,2026-09-13T16:25:00Z,control,,,,tal-2026-10
a-e01499,a-acct-159,,evaluation_started,2026-09-13T16:34:00Z,treatment,,,,tal-2026-10
a-e02464,a-acct-261,a-acct-261-l3,lab_started,2026-09-13T16:46:00Z,control,,,lab-synthetic-4,tal-2026-10
a-e00320,a-acct-040,a-acct-040-l2,lab_started,2026-09-13T16:49:00Z,treatment,,,lab-synthetic-6,tal-2026-10
a-e01500,a-acct-159,,goal_selected,2026-09-13T16:49:00Z,treatment,goal-incident-response,,,tal-2026-10
a-e00155,a-acct-020,a-acct-020-l2,learner_invited,2026-09-13T16:52:00Z,control,,,,tal-2026-10
a-e02750,a-acct-291,a-acct-291-l1,invite_accepted,2026-09-13T17:21:00Z,treatment,,,,tal-2026-10
a-e02310,a-acct-248,,evaluation_started,2026-09-13T17:31:00Z,control,,,,tal-2026-10
a-e01977,a-acct-210,,plan_created,2026-09-13T17:32:00Z,control,,a-acct-210-generic,,tal-2026-10
a-e02032,a-acct-217,a-acct-217-l3,lab_started,2026-09-13T17:35:00Z,treatment,,,lab-synthetic-4,tal-2026-10
a-e02582,a-acct-274,a-acct-274-l4,invite_accepted,2026-09-13T17:50:00Z,treatment,,,,tal-2026-10
a-e00110,a-acct-014,a-acct-014-l3,lab_started,2026-09-13T17:51:00Z,control,,,lab-synthetic-3,tal-2026-10
a-e01952,a-acct-206,a-acct-206-l4,meaningful_lab_completed,2026-09-13T17:59:00Z,treatment,,,lab-synthetic-3,tal-2026-10
a-e01759,a-acct-186,a-acct-186-l2,learner_invited,2026-09-13T18:08:00Z,treatment,,,,tal-2026-10
a-e01618,a-acct-173,,plan_created,2026-09-13T18:11:00Z,control,,a-acct-173-generic,,tal-2026-10
a-e00242,a-acct-032,a-acct-032-l2,learner_invited,2026-09-13T18:23:00Z,control,,,,tal-2026-10
a-e01501,a-acct-159,,plan_created,2026-09-13T18:23:00Z,treatment,goal-incident-response,a-acct-159-proof-7d,,tal-2026-10
a-e02613,a-acct-278,,evaluation_started,2026-09-13T18:30:00Z,treatment,,,,tal-2026-10
a-e02643,a-acct-279,a-acct-279-l4,invite_accepted,2026-09-13T18:33:00Z,treatment,,,,tal-2026-10
a-e02458,a-acct-261,a-acct-261-l1,lab_started,2026-09-13T18:39:00Z,control,,,lab-synthetic-1,tal-2026-10
a-e02632,a-acct-279,a-acct-279-l1,lab_started,2026-09-13T18:45:00Z,treatment,,,lab-synthetic-5,tal-2026-10
a-e02614,a-acct-278,,goal_selected,2026-09-13T19:06:00Z,treatment,goal-incident-response,,,tal-2026-10
a-e00114,a-acct-014,a-acct-014-l4,lab_started,2026-09-13T19:08:00Z,control,,,lab-synthetic-6,tal-2026-10
a-e01878,a-acct-199,a-acct-199-l1,meaningful_lab_completed,2026-09-13T19:20:00Z,treatment,,,lab-synthetic-4,tal-2026-10
a-e02578,a-acct-274,a-acct-274-l3,invite_accepted,2026-09-13T19:22:00Z,treatment,,,,tal-2026-10
a-e00415,a-acct-051,a-acct-051-l4,invite_accepted,2026-09-13T19:36:00Z,control,,,,tal-2026-10
a-e02314,a-acct-248,a-acct-248-l3,learner_invited,2026-09-13T19:38:00Z,control,,,,tal-2026-10
a-e00782,a-acct-085,a-acct-085-l5,meaningful_lab_completed,2026-09-13T19:48:00Z,treatment,,,lab-synthetic-3,tal-2026-10
a-e01356,a-acct-144,a-acct-144-l2,meaningful_lab_completed,2026-09-13T19:49:00Z,treatment,,,lab-synthetic-4,tal-2026-10
a-e02437,a-acct-259,a-acct-259-l2,learner_invited,2026-09-13T19:51:00Z,control,,,,tal-2026-10
a-e02502,a-acct-267,,evaluation_started,2026-09-13T19:52:00Z,treatment,,,,tal-2026-10
a-e02732,a-acct-287,a-acct-287-l5,invite_accepted,2026-09-13T19:54:00Z,control,,,,tal-2026-10
a-e00104,a-acct-014,a-acct-014-l1,lab_started,2026-09-13T20:19:00Z,control,,,lab-synthetic-1,tal-2026-10
a-e00727,a-acct-081,a-acct-081-l3,learner_invited,2026-09-13T20:23:00Z,control,,,,tal-2026-10
a-e01506,a-acct-159,a-acct-159-l4,learner_invited,2026-09-13T20:23:00Z,treatment,,,,tal-2026-10
a-e01629,a-acct-173,a-acct-173-l4,learner_invited,2026-09-13T20:34:00Z,control,,,,tal-2026-10
a-e02503,a-acct-267,,goal_selected,2026-09-13T20:34:00Z,treatment,goal-soc-onboarding,,,tal-2026-10
a-e02623,a-acct-278,a-acct-278-l5,learner_invited,2026-09-13T20:42:00Z,treatment,,,,tal-2026-10
a-e01781,a-acct-190,a-acct-190-l1,invite_accepted,2026-09-13T21:40:00Z,treatment,,,,tal-2026-10
a-e02728,a-acct-287,a-acct-287-l3,invite_accepted,2026-09-13T22:02:00Z,control,,,,tal-2026-10
a-e01503,a-acct-159,a-acct-159-l2,learner_invited,2026-09-13T22:30:00Z,treatment,,,,tal-2026-10
a-e00240,a-acct-032,a-acct-032-l1,learner_invited,2026-09-13T22:31:00Z,control,,,,tal-2026-10
a-e02308,a-acct-247,,evaluation_started,2026-09-13T22:32:00Z,treatment,,,,tal-2026-10
a-e02309,a-acct-247,,goal_selected,2026-09-13T22:50:00Z,treatment,goal-cloud-foundations,,,tal-2026-10
a-e01961,a-acct-207,a-acct-207-l3,learner_invited,2026-09-13T23:12:00Z,treatment,,,,tal-2026-10
a-e01979,a-acct-210,a-acct-210-l2,learner_invited,2026-09-13T23:19:00Z,control,,,,tal-2026-10
a-e02504,a-acct-267,,plan_created,2026-09-13T23:23:00Z,treatment,goal-soc-onboarding,a-acct-267-proof-7d,,tal-2026-10
a-e00724,a-acct-081,a-acct-081-l2,learner_invited,2026-09-13T23:25:00Z,control,,,,tal-2026-10
a-e02615,a-acct-278,,plan_created,2026-09-13T23:35:00Z,treatment,goal-incident-response,a-acct-278-proof-7d,,tal-2026-10
a-e02520,a-acct-269,a-acct-269-l2,meaningful_lab_completed,2026-09-14T00:03:00Z,treatment,,,lab-synthetic-6,tal-2026-10
a-e02424,a-acct-257,a-acct-257-l2,learner_invited,2026-09-14T00:06:00Z,treatment,,,,tal-2026-10
a-e01956,a-acct-207,a-acct-207-l1,learner_invited,2026-09-14T00:33:00Z,treatment,,,,tal-2026-10
a-e01504,a-acct-159,a-acct-159-l2,invite_accepted,2026-09-14T00:51:00Z,treatment,,,,tal-2026-10
a-e02232,a-acct-241,,evaluation_started,2026-09-14T01:02:00Z,control,,,,tal-2026-10
a-e02617,a-acct-278,a-acct-278-l2,learner_invited,2026-09-14T01:04:00Z,treatment,,,,tal-2026-10
a-e01620,a-acct-173,a-acct-173-l1,invite_accepted,2026-09-14T01:17:00Z,control,,,,tal-2026-10
a-e01569,a-acct-168,a-acct-168-l4,invite_accepted,2026-09-14T01:22:00Z,treatment,,,,tal-2026-10
a-e02733,a-acct-287,a-acct-287-l5,lab_started,2026-09-14T01:26:00Z,control,,,lab-synthetic-3,tal-2026-10
a-e00784,a-acct-086,a-acct-086-l1,learner_invited,2026-09-14T01:32:00Z,control,,,,tal-2026-10
a-e02677,a-acct-282,a-acct-282-l2,lab_started,2026-09-14T01:41:00Z,treatment,,,lab-synthetic-2,tal-2026-10
a-e02438,a-acct-259,a-acct-259-l2,learner_opted_out,2026-09-14T02:04:00Z,control,,,,tal-2026-10
a-e02440,a-acct-259,a-acct-259-l3,invite_accepted,2026-09-14T02:11:00Z,control,,,,tal-2026-10
a-e02681,a-acct-283,,evaluation_started,2026-09-14T02:13:00Z,control,,,,tal-2026-10
a-e01505,a-acct-159,a-acct-159-l3,learner_invited,2026-09-14T02:24:00Z,treatment,,,,tal-2026-10
a-e02316,a-acct-248,a-acct-248-l4,learner_invited,2026-09-14T03:23:00Z,control,,,,tal-2026-10
a-e00664,a-acct-075,a-acct-075-l5,invite_accepted,2026-09-14T03:27:00Z,control,,,,tal-2026-10
a-e02618,a-acct-278,a-acct-278-l3,learner_invited,2026-09-14T03:27:00Z,treatment,,,,tal-2026-10
a-e01622,a-acct-173,a-acct-173-l2,learner_invited,2026-09-14T03:28:00Z,control,,,,tal-2026-10
a-e00127,a-acct-016,a-acct-016-l2,meaningful_lab_completed,2026-09-14T03:45:00Z,control,,,lab-synthetic-6,tal-2026-10
a-e02425,a-acct-257,a-acct-257-l2,invite_accepted,2026-09-14T04:27:00Z,treatment,,,,tal-2026-10
a-e00156,a-acct-020,a-acct-020-l2,invite_accepted,2026-09-14T04:40:00Z,control,,,,tal-2026-10
a-e01563,a-acct-168,a-acct-168-l1,learner_opted_out,2026-09-14T04:43:00Z,treatment,,,,tal-2026-10
a-e00897,a-acct-097,a-acct-097-l3,meaningful_lab_completed,2026-09-14T04:52:00Z,control,,,lab-synthetic-2,tal-2026-10
a-e02779,a-acct-293,a-acct-293-l3,meaningful_lab_completed,2026-09-14T05:19:00Z,treatment,,,lab-synthetic-1,tal-2026-10
a-e00954,a-acct-104,,plan_created,2026-09-14T05:56:00Z,control,,a-acct-104-generic,,tal-2026-10
a-e02423,a-acct-257,a-acct-257-l1,learner_invited,2026-09-14T06:01:00Z,treatment,,,,tal-2026-10
a-e02506,a-acct-267,a-acct-267-l2,learner_invited,2026-09-14T06:10:00Z,treatment,,,,tal-2026-10
a-e02633,a-acct-279,a-acct-279-l1,meaningful_lab_completed,2026-09-14T06:13:00Z,treatment,,,lab-synthetic-5,tal-2026-10
a-e02624,a-acct-278,a-acct-278-l5,invite_accepted,2026-09-14T06:31:00Z,treatment,,,,tal-2026-10
a-e02525,a-acct-270,,evaluation_started,2026-09-14T06:40:00Z,treatment,,,,tal-2026-10
a-e02237,a-acct-241,a-acct-241-l2,learner_invited,2026-09-14T06:49:00Z,control,,,,tal-2026-10
a-e02526,a-acct-270,,goal_selected,2026-09-14T06:51:00Z,treatment,goal-incident-response,,,tal-2026-10
a-e02679,a-acct-282,a-acct-282-l3,invite_accepted,2026-09-14T07:28:00Z,treatment,,,,tal-2026-10
a-e00660,a-acct-075,a-acct-075-l4,invite_accepted,2026-09-14T07:47:00Z,control,,,,tal-2026-10
a-e00785,a-acct-086,a-acct-086-l2,learner_invited,2026-09-14T07:48:00Z,control,,,,tal-2026-10
a-e02579,a-acct-274,a-acct-274-l3,lab_started,2026-09-14T08:29:00Z,treatment,,,lab-synthetic-6,tal-2026-10
a-e02527,a-acct-270,,plan_created,2026-09-14T08:37:00Z,treatment,goal-incident-response,a-acct-270-proof-7d,,tal-2026-10
a-e02754,a-acct-291,a-acct-291-l3,invite_accepted,2026-09-14T08:49:00Z,treatment,,,,tal-2026-10
a-e00243,a-acct-032,a-acct-032-l2,invite_accepted,2026-09-14T09:05:00Z,control,,,,tal-2026-10
a-e02752,a-acct-291,a-acct-291-l2,invite_accepted,2026-09-14T09:05:00Z,treatment,,,,tal-2026-10
a-e02233,a-acct-241,,plan_created,2026-09-14T09:08:00Z,control,,a-acct-241-generic,,tal-2026-10
a-e00152,a-acct-020,a-acct-020-l1,learner_invited,2026-09-14T09:10:00Z,control,,,,tal-2026-10
a-e02364,a-acct-251,a-acct-251-l4,lab_started,2026-09-14T09:21:00Z,control,,,lab-synthetic-2,tal-2026-10
a-e02787,a-acct-293,a-acct-293-l5,meaningful_lab_completed,2026-09-14T09:28:00Z,treatment,,,lab-synthetic-5,tal-2026-10
a-e00746,a-acct-084,,evaluation_started,2026-09-14T09:30:00Z,treatment,,,,tal-2026-10
a-e01626,a-acct-173,a-acct-173-l3,learner_invited,2026-09-14T09:39:00Z,control,,,,tal-2026-10
a-e00849,a-acct-094,,evaluation_started,2026-09-14T09:45:00Z,control,,,,tal-2026-10
a-e02311,a-acct-248,a-acct-248-l1,learner_invited,2026-09-14T09:46:00Z,control,,,,tal-2026-10
a-e02505,a-acct-267,a-acct-267-l1,learner_invited,2026-09-14T10:06:00Z,treatment,,,,tal-2026-10
a-e00747,a-acct-084,,goal_selected,2026-09-14T10:24:00Z,treatment,goal-cloud-foundations,,,tal-2026-10
a-e00728,a-acct-081,a-acct-081-l3,invite_accepted,2026-09-14T10:33:00Z,control,,,,tal-2026-10
a-e02622,a-acct-278,a-acct-278-l4,learner_invited,2026-09-14T10:35:00Z,treatment,,,,tal-2026-10
a-e00209,a-acct-028,,plan_created,2026-09-14T10:39:00Z,control,,a-acct-028-generic,,tal-2026-10
a-e02529,a-acct-270,a-acct-270-l2,learner_invited,2026-09-14T10:58:00Z,treatment,,,,tal-2026-10
a-e00959,a-acct-104,a-acct-104-l5,learner_invited,2026-09-14T11:03:00Z,control,,,,tal-2026-10
a-e00215,a-acct-028,a-acct-028-l3,learner_invited,2026-09-14T11:14:00Z,control,,,,tal-2026-10
a-e01502,a-acct-159,a-acct-159-l1,learner_invited,2026-09-14T11:37:00Z,treatment,,,,tal-2026-10
a-e00158,a-acct-020,a-acct-020-l3,learner_invited,2026-09-14T11:40:00Z,control,,,,tal-2026-10
a-e00210,a-acct-028,a-acct-028-l1,learner_invited,2026-09-14T11:40:00Z,control,,,,tal-2026-10
a-e00088,a-acct-012,a-acct-012-l1,meaningful_lab_completed,2026-09-14T11:54:00Z,treatment,,,lab-synthetic-1,tal-2026-10
a-e00088-retry,a-acct-012,a-acct-012-l1,meaningful_lab_completed,2026-09-14T11:54:00Z,treatment,,,lab-synthetic-1,tal-2026-10
a-e00115,a-acct-014,a-acct-014-l4,meaningful_lab_completed,2026-09-14T12:04:00Z,control,,,lab-synthetic-6,tal-2026-10
a-e01082,a-acct-119,,evaluation_started,2026-09-14T12:18:00Z,treatment,,,,tal-2026-10
a-e01374,a-acct-146,,evaluation_started,2026-09-14T12:51:00Z,control,,,,tal-2026-10
a-e01980,a-acct-210,a-acct-210-l3,learner_invited,2026-09-14T13:00:00Z,control,,,,tal-2026-10
a-e01083,a-acct-119,,goal_selected,2026-09-14T13:01:00Z,treatment,goal-cloud-foundations,,,tal-2026-10
a-e00217,a-acct-028,a-acct-028-l4,learner_invited,2026-09-14T13:04:00Z,control,,,,tal-2026-10
a-e01978,a-acct-210,a-acct-210-l1,learner_invited,2026-09-14T13:16:00Z,control,,,,tal-2026-10
a-e00748,a-acct-084,,plan_created,2026-09-14T13:19:00Z,treatment,goal-cloud-foundations,a-acct-084-proof-7d,,tal-2026-10
a-e00729,a-acct-081,a-acct-081-l3,lab_started,2026-09-14T13:27:00Z,control,,,lab-synthetic-6,tal-2026-10
a-e02755,a-acct-292,,evaluation_started,2026-09-14T13:43:00Z,treatment,,,,tal-2026-10
a-e00933,a-acct-102,,evaluation_started,2026-09-14T13:53:00Z,control,,,,tal-2026-10
a-e02756,a-acct-292,,goal_selected,2026-09-14T14:07:00Z,treatment,goal-web-app-testing,,,tal-2026-10
a-e00665,a-acct-075,a-acct-075-l5,lab_started,2026-09-14T14:45:00Z,control,,,lab-synthetic-2,tal-2026-10
a-e00325,a-acct-040,a-acct-040-l3,meaningful_lab_completed,2026-09-14T15:07:00Z,treatment,,,lab-synthetic-2,tal-2026-10
a-e01084,a-acct-119,,plan_created,2026-09-14T15:14:00Z,treatment,goal-cloud-foundations,a-acct-119-proof-7d,,tal-2026-10
a-e00023,a-acct-005,,evaluation_started,2026-09-14T15:34:00Z,treatment,,,,tal-2026-10
a-e00159,a-acct-020,a-acct-020-l4,learner_invited,2026-09-14T15:38:00Z,control,,,,tal-2026-10
a-e02468,a-acct-264,,plan_created,2026-09-14T15:55:00Z,control,,a-acct-264-generic,,tal-2026-10
a-e00956,a-acct-104,a-acct-104-l2,learner_invited,2026-09-14T16:00:00Z,control,,,,tal-2026-10
a-e00024,a-acct-005,,goal_selected,2026-09-14T16:23:00Z,treatment,goal-soc-onboarding,,,tal-2026-10
a-e00958,a-acct-104,a-acct-104-l4,learner_invited,2026-09-14T16:30:00Z,control,,,,tal-2026-10
a-e00957,a-acct-104,a-acct-104-l3,learner_invited,2026-09-14T16:31:00Z,control,,,,tal-2026-10
a-e00025,a-acct-005,,plan_created,2026-09-14T17:00:00Z,treatment,goal-soc-onboarding,a-acct-005-proof-7d,,tal-2026-10
a-e01760,a-acct-187,,evaluation_started,2026-09-14T17:06:00Z,control,,,,tal-2026-10
a-e02532,a-acct-270,a-acct-270-l5,learner_invited,2026-09-14T17:40:00Z,treatment,,,,tal-2026-10
a-e02029,a-acct-217,a-acct-217-l2,meaningful_lab_completed,2026-09-14T17:42:00Z,treatment,,,lab-synthetic-1,tal-2026-10
a-e02654,a-acct-281,,evaluation_started,2026-09-14T17:42:00Z,treatment,,,,tal-2026-10
a-e02510,a-acct-267,a-acct-267-l3,learner_invited,2026-09-14T17:47:00Z,treatment,,,,tal-2026-10
a-e02616,a-acct-278,a-acct-278-l1,learner_invited,2026-09-14T17:48:00Z,treatment,,,,tal-2026-10
a-e02361,a-acct-251,a-acct-251-l3,meaningful_lab_completed,2026-09-14T17:52:00Z,control,,,lab-synthetic-6,tal-2026-10
a-e01507,a-acct-159,a-acct-159-l4,invite_accepted,2026-09-14T17:53:00Z,treatment,,,,tal-2026-10
a-e01731,a-acct-183,,evaluation_started,2026-09-14T17:58:00Z,treatment,,,,tal-2026-10
a-e02655,a-acct-281,,goal_selected,2026-09-14T18:06:00Z,treatment,goal-incident-response,,,tal-2026-10
a-e01958,a-acct-207,a-acct-207-l2,invite_accepted,2026-09-14T18:08:00Z,treatment,,,,tal-2026-10
a-e02315,a-acct-248,a-acct-248-l3,invite_accepted,2026-09-14T18:13:00Z,control,,,,tal-2026-10
a-e00749,a-acct-084,a-acct-084-l1,learner_invited,2026-09-14T18:33:00Z,treatment,,,,tal-2026-10
a-e01771,a-acct-188,,evaluation_started,2026-09-14T18:37:00Z,control,,,,tal-2026-10
a-e01732,a-acct-183,,goal_selected,2026-09-14T18:41:00Z,treatment,goal-soc-onboarding,,,tal-2026-10
a-e00722,a-acct-081,a-acct-081-l1,lab_started,2026-09-14T18:42:00Z,control,,,lab-synthetic-5,tal-2026-10
a-e01375,a-acct-146,,plan_created,2026-09-14T18:46:00Z,control,,a-acct-146-generic,,tal-2026-10
a-e02625,a-acct-278,a-acct-278-l5,lab_started,2026-09-14T18:51:00Z,treatment,,,lab-synthetic-5,tal-2026-10
a-e00453,a-acct-055,,evaluation_started,2026-09-14T18:52:00Z,treatment,,,,tal-2026-10
a-e02443,a-acct-259,a-acct-259-l5,invite_accepted,2026-09-14T18:58:00Z,control,,,,tal-2026-10
a-e00454,a-acct-055,,goal_selected,2026-09-14T19:17:00Z,treatment,goal-cloud-foundations,,,tal-2026-10
a-e02656,a-acct-281,,plan_created,2026-09-14T19:25:00Z,treatment,goal-incident-response,a-acct-281-proof-7d,,tal-2026-10
a-e00377,a-acct-048,a-acct-048-l2,invite_accepted,2026-09-05T04:45:00Z,treatment,,,,tal-2026-10
a-e02691,a-acct-283,a-acct-283-l3,learner_invited,2026-09-14T19:42:00Z,control,,,,tal-2026-10
a-e01281,a-acct-139,,evaluation_started,2026-09-14T19:49:00Z,treatment,,,,tal-2026-10
a-e02528,a-acct-270,a-acct-270-l1,learner_invited,2026-09-14T19:50:00Z,treatment,,,,tal-2026-10
a-e02757,a-acct-292,,plan_created,2026-09-14T19:51:00Z,treatment,goal-web-app-testing,a-acct-292-proof-7d,,tal-2026-10
a-e01733,a-acct-183,,plan_created,2026-09-14T19:53:00Z,treatment,goal-soc-onboarding,a-acct-183-proof-7d,,tal-2026-10
a-e01478,a-acct-157,,evaluation_started,2026-09-14T19:59:00Z,treatment,,,,tal-2026-10
a-e02049,a-acct-219,,evaluation_started,2026-09-14T20:03:00Z,treatment,,,,tal-2026-10
a-e00413,a-acct-051,a-acct-051-l3,invite_accepted,2026-09-14T20:11:00Z,control,,,,tal-2026-10
a-e00825,a-acct-092,,evaluation_started,2026-09-14T20:16:00Z,treatment,,,,tal-2026-10
a-e01192,a-acct-129,a-acct-129-l4,invite_accepted,2026-09-21T20:54:00Z,control,,,,tal-2026-10
a-e02459,a-acct-261,a-acct-261-l1,meaningful_lab_completed,2026-09-14T20:28:00Z,control,,,lab-synthetic-1,tal-2026-10
a-e01541,a-acct-164,,evaluation_started,2026-09-14T20:34:00Z,control,,,,tal-2026-10
a-e00042,a-acct-005,a-acct-005-l5,learner_invited,2026-09-14T20:38:00Z,treatment,,,,tal-2026-10
a-e00157,a-acct-020,a-acct-020-l2,lab_started,2026-09-14T20:43:00Z,control,,,lab-synthetic-3,tal-2026-10
a-e01630,a-acct-173,a-acct-173-l4,learner_opted_out,2026-09-14T20:44:00Z,control,,,,tal-2026-10
a-e02238,a-acct-241,a-acct-241-l2,invite_accepted,2026-09-14T20:45:00Z,control,,,,tal-2026-10
a-e00464,a-acct-055,a-acct-055-l3,learner_invited,2026-09-14T20:49:00Z,treatment,,,,tal-2026-10
a-e01479,a-acct-157,,goal_selected,2026-09-14T20:52:00Z,treatment,goal-web-app-testing,,,tal-2026-10
a-e02635,a-acct-279,a-acct-279-l2,invite_accepted,2026-09-14T20:54:00Z,treatment,,,,tal-2026-10
a-e02050,a-acct-219,,goal_selected,2026-09-14T20:56:00Z,treatment,goal-cloud-foundations,,,tal-2026-10
a-e00212,a-acct-028,a-acct-028-l2,learner_invited,2026-09-14T20:58:00Z,control,,,,tal-2026-10
a-e00827,a-acct-092,,plan_created,2026-09-14T21:04:00Z,treatment,goal-soc-onboarding,a-acct-092-proof-7d,,tal-2026-10
a-e00826,a-acct-092,,goal_selected,2026-09-14T21:05:00Z,treatment,goal-soc-onboarding,,,tal-2026-10
a-e00654,a-acct-075,a-acct-075-l1,invite_accepted,2026-09-14T21:12:00Z,control,,,,tal-2026-10
a-e01382,a-acct-146,a-acct-146-l3,learner_invited,2026-09-14T21:22:00Z,control,,,,tal-2026-10
a-e00219,a-acct-029,,evaluation_started,2026-09-14T21:44:00Z,treatment,,,,tal-2026-10
a-e02640,a-acct-279,a-acct-279-l3,lab_started,2026-09-14T21:50:00Z,treatment,,,lab-synthetic-5,tal-2026-10
a-e02682,a-acct-283,,plan_created,2026-09-14T21:54:00Z,control,,a-acct-283-generic,,tal-2026-10
a-e00793,a-acct-088,,evaluation_started,2026-09-14T22:02:00Z,control,,,,tal-2026-10
a-e00961,a-acct-106,,evaluation_started,2026-09-14T22:23:00Z,treatment,,,,tal-2026-10
a-e00955,a-acct-104,a-acct-104-l1,learner_invited,2026-09-14T22:25:00Z,control,,,,tal-2026-10
a-e01761,a-acct-187,,plan_created,2026-09-14T22:28:00Z,control,,a-acct-187-generic,,tal-2026-10
a-e00026,a-acct-005,a-acct-005-l1,learner_invited,2026-09-14T22:33:00Z,treatment,,,,tal-2026-10
a-e01737,a-acct-183,a-acct-183-l2,learner_invited,2026-09-14T22:34:00Z,treatment,,,,tal-2026-10
a-e00962,a-acct-106,,goal_selected,2026-09-14T22:38:00Z,treatment,goal-soc-onboarding,,,tal-2026-10
a-e02234,a-acct-241,a-acct-241-l1,learner_invited,2026-09-14T22:44:00Z,control,,,,tal-2026-10
a-e00216,a-acct-028,a-acct-028-l3,invite_accepted,2026-09-14T22:46:00Z,control,,,,tal-2026-10
a-e00220,a-acct-029,,goal_selected,2026-09-14T22:48:00Z,treatment,goal-cloud-foundations,,,tal-2026-10
a-e02312,a-acct-248,a-acct-248-l2,learner_invited,2026-09-14T22:58:00Z,control,,,,tal-2026-10
a-e02507,a-acct-267,a-acct-267-l2,invite_accepted,2026-09-14T22:58:00Z,treatment,,,,tal-2026-10
a-e02530,a-acct-270,a-acct-270-l3,learner_invited,2026-09-14T23:21:00Z,treatment,,,,tal-2026-10
a-e00221,a-acct-029,,plan_created,2026-09-14T23:24:00Z,treatment,goal-cloud-foundations,a-acct-029-proof-7d,,tal-2026-10
a-e00460,a-acct-055,a-acct-055-l2,learner_invited,2026-09-14T23:34:00Z,treatment,,,,tal-2026-10
a-e01570,a-acct-168,a-acct-168-l4,lab_started,2026-09-14T23:34:00Z,treatment,,,lab-synthetic-3,tal-2026-10
a-e00241,a-acct-032,a-acct-032-l1,invite_accepted,2026-09-14T23:36:00Z,control,,,,tal-2026-10
a-e01734,a-acct-183,a-acct-183-l1,learner_invited,2026-09-14T23:43:00Z,treatment,,,,tal-2026-10
a-e01138,a-acct-124,a-acct-124-l3,meaningful_lab_completed,2026-09-14T23:59:00Z,control,,,lab-synthetic-1,tal-2026-10
a-e01621,a-acct-173,a-acct-173-l1,lab_started,2026-09-15T00:01:00Z,control,,,lab-synthetic-3,tal-2026-10
a-e00832,a-acct-092,a-acct-092-l2,learner_invited,2026-09-15T00:18:00Z,treatment,,,,tal-2026-10
a-e02783,a-acct-293,a-acct-293-l4,meaningful_lab_completed,2026-09-15T00:19:00Z,treatment,,,lab-synthetic-1,tal-2026-10
a-e00730,a-acct-081,a-acct-081-l3,meaningful_lab_completed,2026-09-15T00:29:00Z,control,,,lab-synthetic-6,tal-2026-10
a-e00840,a-acct-092,a-acct-092-l4,learner_invited,2026-09-15T00:35:00Z,treatment,,,,tal-2026-10
a-e00222,a-acct-029,a-acct-029-l1,learner_invited,2026-09-15T00:54:00Z,treatment,,,,tal-2026-10
a-e02664,a-acct-281,a-acct-281-l3,learner_invited,2026-09-15T01:06:00Z,treatment,,,,tal-2026-10
a-e01912,a-acct-203,,evaluation_started,2026-09-15T01:15:00Z,treatment,,,,tal-2026-10
a-e02687,a-acct-283,a-acct-283-l2,learner_invited,2026-09-15T01:18:00Z,control,,,,tal-2026-10
a-e02051,a-acct-219,,plan_created,2026-09-15T01:19:00Z,treatment,goal-cloud-foundations,a-acct-219-proof-7d,,tal-2026-10
a-e00160,a-acct-021,,evaluation_started,2026-09-15T01:27:00Z,control,,,,tal-2026-10
a-e01572,a-acct-169,,evaluation_started,2026-09-15T01:31:00Z,control,,,,tal-2026-10
a-e02076,a-acct-222,,evaluation_started,2026-09-15T01:35:00Z,control,,,,tal-2026-10
a-e00030,a-acct-005,a-acct-005-l2,learner_invited,2026-09-15T01:39:00Z,treatment,,,,tal-2026-10
a-e01283,a-acct-139,,plan_created,2026-09-15T01:44:00Z,treatment,goal-cloud-foundations,a-acct-139-proof-7d,,tal-2026-10
a-e01914,a-acct-203,,plan_created,2026-09-15T02:06:00Z,treatment,goal-soc-onboarding,a-acct-203-proof-7d,,tal-2026-10
a-e00750,a-acct-084,a-acct-084-l1,invite_accepted,2026-09-15T02:14:00Z,treatment,,,,tal-2026-10
a-e01480,a-acct-157,,plan_created,2026-09-15T02:18:00Z,treatment,goal-web-app-testing,a-acct-157-proof-7d,,tal-2026-10
a-e01913,a-acct-203,,goal_selected,2026-09-15T02:20:00Z,treatment,goal-soc-onboarding,,,tal-2026-10
a-e00725,a-acct-081,a-acct-081-l2,invite_accepted,2026-09-15T02:25:00Z,control,,,,tal-2026-10
a-e02636,a-acct-279,a-acct-279-l2,lab_started,2026-09-15T02:47:00Z,treatment,,,lab-synthetic-5,tal-2026-10
a-e02056,a-acct-219,a-acct-219-l3,learner_invited,2026-09-15T02:52:00Z,treatment,,,,tal-2026-10
a-e00786,a-acct-086,a-acct-086-l2,invite_accepted,2026-09-15T03:01:00Z,control,,,,tal-2026-10
a-e01735,a-acct-183,a-acct-183-l1,invite_accepted,2026-09-15T03:05:00Z,treatment,,,,tal-2026-10
a-e02531,a-acct-270,a-acct-270-l4,learner_invited,2026-09-15T03:09:00Z,treatment,,,,tal-2026-10
a-e01085,a-acct-119,a-acct-119-l1,learner_invited,2026-09-15T03:13:00Z,treatment,,,,tal-2026-10
a-e02469,a-acct-264,a-acct-264-l1,learner_invited,2026-09-15T03:30:00Z,control,,,,tal-2026-10
a-e01383,a-acct-146,a-acct-146-l3,invite_accepted,2026-09-15T03:44:00Z,control,,,,tal-2026-10
a-e01764,a-acct-187,a-acct-187-l2,learner_invited,2026-09-15T03:47:00Z,control,,,,tal-2026-10
a-e00017,a-acct-003,a-acct-003-l2,meaningful_lab_completed,2026-09-15T03:52:00Z,treatment,,,lab-synthetic-2,tal-2026-10
a-e00753,a-acct-084,a-acct-084-l2,learner_invited,2026-09-15T03:54:00Z,treatment,,,,tal-2026-10
a-e01959,a-acct-207,a-acct-207-l2,lab_started,2026-09-15T03:56:00Z,treatment,,,lab-synthetic-2,tal-2026-10
a-e01089,a-acct-119,a-acct-119-l3,learner_invited,2026-09-15T04:05:00Z,treatment,,,,tal-2026-10
a-e02644,a-acct-279,a-acct-279-l4,lab_started,2026-09-15T04:13:00Z,treatment,,,lab-synthetic-1,tal-2026-10
a-e02055,a-acct-219,a-acct-219-l2,learner_invited,2026-09-15T04:24:00Z,treatment,,,,tal-2026-10
a-e00751,a-acct-084,a-acct-084-l1,lab_started,2026-09-15T04:28:00Z,treatment,,,lab-synthetic-4,tal-2026-10
a-e01380,a-acct-146,a-acct-146-l2,learner_invited,2026-09-15T04:28:00Z,control,,,,tal-2026-10
a-e02240,a-acct-241,a-acct-241-l3,learner_invited,2026-09-15T04:29:00Z,control,,,,tal-2026-10
a-e01765,a-acct-187,a-acct-187-l3,learner_invited,2026-09-15T04:45:00Z,control,,,,tal-2026-10
a-e00456,a-acct-055,a-acct-055-l1,learner_invited,2026-09-15T04:46:00Z,treatment,,,,tal-2026-10
a-e00321,a-acct-040,a-acct-040-l2,meaningful_lab_completed,2026-09-15T04:55:00Z,treatment,,,lab-synthetic-6,tal-2026-10
a-e01698,a-acct-179,,evaluation_started,2026-09-15T05:09:00Z,control,,,,tal-2026-10
a-e00038,a-acct-005,a-acct-005-l4,learner_invited,2026-09-15T05:52:00Z,treatment,,,,tal-2026-10
a-e02762,a-acct-292,a-acct-292-l2,learner_invited,2026-09-15T05:58:00Z,treatment,,,,tal-2026-10
a-e02680,a-acct-282,a-acct-282-l3,lab_started,2026-09-15T06:04:00Z,treatment,,,lab-synthetic-5,tal-2026-10
a-e01768,a-acct-187,a-acct-187-l4,learner_invited,2026-09-15T06:07:00Z,control,,,,tal-2026-10
a-e00757,a-acct-084,a-acct-084-l3,learner_invited,2026-09-15T06:11:00Z,treatment,,,,tal-2026-10
a-e00224,a-acct-029,a-acct-029-l2,learner_invited,2026-09-15T06:17:00Z,treatment,,,,tal-2026-10
a-e02444,a-acct-259,a-acct-259-l5,lab_started,2026-09-15T06:17:00Z,control,,,lab-synthetic-4,tal-2026-10
a-e02764,a-acct-292,a-acct-292-l3,learner_invited,2026-09-15T06:45:00Z,treatment,,,,tal-2026-10
a-e02472,a-acct-264,a-acct-264-l2,learner_invited,2026-09-15T06:50:00Z,control,,,,tal-2026-10
a-e00317,a-acct-040,a-acct-040-l1,meaningful_lab_completed,2026-09-15T06:59:00Z,treatment,,,lab-synthetic-3,tal-2026-10
a-e01386,a-acct-146,a-acct-146-l4,learner_invited,2026-09-15T07:17:00Z,control,,,,tal-2026-10
a-e02758,a-acct-292,a-acct-292-l1,learner_invited,2026-09-15T07:25:00Z,treatment,,,,tal-2026-10
a-e02235,a-acct-241,a-acct-241-l1,invite_accepted,2026-09-15T07:35:00Z,control,,,,tal-2026-10
a-e01313,a-acct-141,a-acct-141-l3,invite_accepted,2026-09-07T15:02:00Z,treatment,,,,tal-2026-10
a-e00153,a-acct-020,a-acct-020-l1,invite_accepted,2026-09-15T07:42:00Z,control,,,,tal-2026-10
a-e02052,a-acct-219,a-acct-219-l1,learner_invited,2026-09-15T07:58:00Z,treatment,,,,tal-2026-10
a-e01782,a-acct-190,a-acct-190-l1,lab_started,2026-09-15T08:02:00Z,treatment,,,lab-synthetic-1,tal-2026-10
a-e02768,a-acct-292,a-acct-292-l4,learner_invited,2026-09-15T08:28:00Z,treatment,,,,tal-2026-10
a-e01921,a-acct-203,a-acct-203-l3,learner_invited,2026-09-15T08:31:00Z,treatment,,,,tal-2026-10
a-e00829,a-acct-092,a-acct-092-l1,invite_accepted,2026-09-15T08:51:00Z,treatment,,,,tal-2026-10
a-e00841,a-acct-092,a-acct-092-l4,invite_accepted,2026-09-15T09:20:00Z,treatment,,,,tal-2026-10
a-e00111,a-acct-014,a-acct-014-l3,meaningful_lab_completed,2026-09-15T09:31:00Z,control,,,lab-synthetic-3,tal-2026-10
a-e01088,a-acct-119,a-acct-119-l2,learner_invited,2026-09-15T09:31:00Z,treatment,,,,tal-2026-10
a-e01322,a-acct-142,,evaluation_started,2026-09-15T09:46:00Z,control,,,,tal-2026-10
a-e00034,a-acct-005,a-acct-005-l3,learner_invited,2026-09-15T09:58:00Z,treatment,,,,tal-2026-10
a-e00925,a-acct-100,,evaluation_started,2026-09-15T10:08:00Z,control,,,,tal-2026-10
a-e01762,a-acct-187,a-acct-187-l1,learner_invited,2026-09-15T10:16:00Z,control,,,,tal-2026-10
a-e01573,a-acct-169,,plan_created,2026-09-15T10:17:00Z,control,,a-acct-169-generic,,tal-2026-10
a-e02473,a-acct-264,a-acct-264-l2,invite_accepted,2026-09-15T10:23:00Z,control,,,,tal-2026-10
a-e02798,a-acct-296,,evaluation_started,2026-09-15T10:37:00Z,control,,,,tal-2026-10
a-e01376,a-acct-146,a-acct-146-l1,learner_invited,2026-09-15T10:43:00Z,control,,,,tal-2026-10
a-e01542,a-acct-164,,plan_created,2026-09-15T10:48:00Z,control,,a-acct-164-generic,,tal-2026-10
a-e00836,a-acct-092,a-acct-092-l3,learner_invited,2026-09-15T11:19:00Z,treatment,,,,tal-2026-10
a-e00661,a-acct-075,a-acct-075-l4,lab_started,2026-09-15T11:31:00Z,control,,,lab-synthetic-1,tal-2026-10
a-e02474,a-acct-264,a-acct-264-l2,lab_started,2026-09-15T12:00:00Z,control,,,lab-synthetic-4,tal-2026-10
a-e00850,a-acct-094,,plan_created,2026-09-15T12:02:00Z,control,,a-acct-094-generic,,tal-2026-10
a-e02683,a-acct-283,a-acct-283-l1,learner_invited,2026-09-15T12:06:00Z,control,,,,tal-2026-10
a-e02637,a-acct-279,a-acct-279-l2,meaningful_lab_completed,2026-09-15T12:16:00Z,treatment,,,lab-synthetic-5,tal-2026-10
a-e00934,a-acct-102,,plan_created,2026-09-15T12:31:00Z,control,,a-acct-102-generic,,tal-2026-10
a-e02666,a-acct-281,a-acct-281-l4,learner_invited,2026-09-15T12:45:00Z,treatment,,,,tal-2026-10
a-e02609,a-acct-277,a-acct-277-l2,learner_invited,2026-09-22T01:17:00Z,treatment,,,,tal-2026-10
a-e01623,a-acct-173,a-acct-173-l2,invite_accepted,2026-09-15T12:56:00Z,control,,,,tal-2026-10
a-e02688,a-acct-283,a-acct-283-l2,invite_accepted,2026-09-15T13:00:00Z,control,,,,tal-2026-10
a-e00754,a-acct-084,a-acct-084-l2,invite_accepted,2026-09-15T13:27:00Z,treatment,,,,tal-2026-10
a-e00072,a-acct-010,,evaluation_started,2026-09-15T13:42:00Z,treatment,,,,tal-2026-10
a-e02667,a-acct-281,a-acct-281-l4,invite_accepted,2026-09-15T13:46:00Z,treatment,,,,tal-2026-10
a-e01086,a-acct-119,a-acct-119-l1,invite_accepted,2026-09-15T13:53:00Z,treatment,,,,tal-2026-10
a-e00466,a-acct-055,a-acct-055-l4,learner_invited,2026-09-15T13:57:00Z,treatment,,,,tal-2026-10
a-e00937,a-acct-102,a-acct-102-l2,learner_invited,2026-09-15T14:01:00Z,control,,,,tal-2026-10
a-e01135,a-acct-124,a-acct-124-l3,learner_invited,2026-09-10T19:43:00Z,control,,,,tal-2026-10
a-e02661,a-acct-281,a-acct-281-l2,learner_invited,2026-09-15T14:16:00Z,treatment,,,,tal-2026-10
a-e01544,a-acct-164,a-acct-164-l2,learner_invited,2026-09-15T14:32:00Z,control,,,,tal-2026-10
a-e00073,a-acct-010,,goal_selected,2026-09-15T14:37:00Z,treatment,goal-soc-onboarding,,,tal-2026-10
a-e00726,a-acct-081,a-acct-081-l2,lab_started,2026-09-15T14:51:00Z,control,,,lab-synthetic-5,tal-2026-10
a-e02657,a-acct-281,a-acct-281-l1,learner_invited,2026-09-15T15:04:00Z,treatment,,,,tal-2026-10
a-e00842,a-acct-092,a-acct-092-l4,lab_started,2026-09-15T15:05:00Z,treatment,,,lab-synthetic-5,tal-2026-10
a-e00858,a-acct-094,a-acct-094-l4,learner_invited,2026-09-15T15:26:00Z,control,,,,tal-2026-10
a-e01486,a-acct-157,a-acct-157-l3,learner_invited,2026-09-15T15:31:00Z,treatment,,,,tal-2026-10
a-e01151,a-acct-126,,evaluation_started,2026-09-15T15:35:00Z,treatment,,,,tal-2026-10
a-e01574,a-acct-169,a-acct-169-l1,learner_invited,2026-09-15T15:58:00Z,control,,,,tal-2026-10
a-e00039,a-acct-005,a-acct-005-l4,invite_accepted,2026-09-15T16:21:00Z,treatment,,,,tal-2026-10
a-e00844,a-acct-092,a-acct-092-l5,learner_invited,2026-09-15T16:23:00Z,treatment,,,,tal-2026-10
a-e00154,a-acct-020,a-acct-020-l1,lab_started,2026-09-15T16:37:00Z,control,,,lab-synthetic-5,tal-2026-10
a-e01152,a-acct-126,,goal_selected,2026-09-15T16:38:00Z,treatment,goal-incident-response,,,tal-2026-10
a-e01917,a-acct-203,a-acct-203-l2,learner_invited,2026-09-15T16:44:00Z,treatment,,,,tal-2026-10
a-e01589,a-acct-169,a-acct-169-l5,learner_invited,2026-09-15T17:12:00Z,control,,,,tal-2026-10
a-e01482,a-acct-157,a-acct-157-l1,invite_accepted,2026-09-15T17:19:00Z,treatment,,,,tal-2026-10
a-e01738,a-acct-183,a-acct-183-l2,invite_accepted,2026-09-15T17:23:00Z,treatment,,,,tal-2026-10
a-e01487,a-acct-157,a-acct-157-l4,learner_invited,2026-09-15T17:58:00Z,treatment,,,,tal-2026-10
a-e01153,a-acct-126,a-acct-126-l1,learner_invited,2026-09-15T18:01:00Z,treatment,,,,tal-2026-10
a-e00040,a-acct-005,a-acct-005-l4,lab_started,2026-09-15T18:22:00Z,treatment,,,lab-synthetic-2,tal-2026-10
a-e02239,a-acct-241,a-acct-241-l2,lab_started,2026-09-15T18:28:00Z,control,,,lab-synthetic-1,tal-2026-10
a-e02619,a-acct-278,a-acct-278-l3,invite_accepted,2026-09-15T18:31:00Z,treatment,,,,tal-2026-10
a-e02535,a-acct-272,,evaluation_started,2026-09-15T18:34:00Z,treatment,,,,tal-2026-10
a-e02053,a-acct-219,a-acct-219-l1,invite_accepted,2026-09-15T18:38:00Z,treatment,,,,tal-2026-10
a-e02684,a-acct-283,a-acct-283-l1,invite_accepted,2026-09-15T18:40:00Z,control,,,,tal-2026-10
a-e00752,a-acct-084,a-acct-084-l1,meaningful_lab_completed,2026-09-15T18:50:00Z,treatment,,,lab-synthetic-4,tal-2026-10
a-e00031,a-acct-005,a-acct-005-l2,invite_accepted,2026-09-15T18:53:00Z,treatment,,,,tal-2026-10
a-e00074,a-acct-010,,plan_created,2026-09-15T19:02:00Z,treatment,goal-soc-onboarding,a-acct-010-proof-7d,,tal-2026-10
a-e01981,a-acct-210,a-acct-210-l3,invite_accepted,2026-09-15T19:06:00Z,control,,,,tal-2026-10
a-e02536,a-acct-272,,goal_selected,2026-09-15T19:38:00Z,treatment,goal-incident-response,,,tal-2026-10
a-e02799,a-acct-296,,plan_created,2026-09-15T19:39:00Z,control,,a-acct-296-generic,,tal-2026-10
a-e02057,a-acct-219,a-acct-219-l4,learner_invited,2026-09-15T19:40:00Z,treatment,,,,tal-2026-10
a-e01090,a-acct-119,a-acct-119-l3,invite_accepted,2026-09-15T19:47:00Z,treatment,,,,tal-2026-10
a-e01925,a-acct-203,a-acct-203-l4,learner_invited,2026-09-15T19:47:00Z,treatment,,,,tal-2026-10
a-e02508,a-acct-267,a-acct-267-l2,lab_started,2026-09-15T20:05:00Z,treatment,,,lab-synthetic-6,tal-2026-10
a-e00169,a-acct-022,,evaluation_started,2026-09-15T20:08:00Z,treatment,,,,tal-2026-10
a-e01627,a-acct-173,a-acct-173-l3,invite_accepted,2026-09-15T20:26:00Z,control,,,,tal-2026-10
a-e01335,a-acct-142,a-acct-142-l5,learner_invited,2026-09-15T20:31:00Z,control,,,,tal-2026-10
a-e00655,a-acct-075,a-acct-075-l1,lab_started,2026-09-15T20:33:00Z,control,,,lab-synthetic-2,tal-2026-10
a-e01769,a-acct-187,a-acct-187-l4,invite_accepted,2026-09-15T20:34:00Z,control,,,,tal-2026-10
a-e00170,a-acct-022,,goal_selected,2026-09-15T20:36:00Z,treatment,goal-cloud-foundations,,,tal-2026-10
a-e01915,a-acct-203,a-acct-203-l1,learner_invited,2026-09-15T20:46:00Z,treatment,,,,tal-2026-10
a-e00852,a-acct-094,a-acct-094-l2,learner_invited,2026-09-15T20:50:00Z,control,,,,tal-2026-10
a-e01581,a-acct-169,a-acct-169-l3,learner_invited,2026-09-15T20:52:00Z,control,,,,tal-2026-10
a-e01287,a-acct-139,a-acct-139-l2,learner_invited,2026-09-15T20:56:00Z,treatment,,,,tal-2026-10
a-e00830,a-acct-092,a-acct-092-l1,lab_started,2026-09-15T21:01:00Z,treatment,,,lab-synthetic-6,tal-2026-10
a-e01284,a-acct-139,a-acct-139-l1,learner_invited,2026-09-15T21:03:00Z,treatment,,,,tal-2026-10
a-e01134,a-acct-124,a-acct-124-l2,meaningful_lab_completed,2026-09-15T21:12:00Z,control,,,lab-synthetic-4,tal-2026-10
a-e00851,a-acct-094,a-acct-094-l1,learner_invited,2026-09-15T21:38:00Z,control,,,,tal-2026-10
a-e02292,a-acct-246,,evaluation_started,2026-09-15T21:38:00Z,control,,,,tal-2026-10
a-e02800,a-acct-296,a-acct-296-l1,learner_invited,2026-09-15T21:56:00Z,control,,,,tal-2026-10
a-e01323,a-acct-142,,plan_created,2026-09-15T22:05:00Z,control,,a-acct-142-generic,,tal-2026-10
a-e01763,a-acct-187,a-acct-187-l1,invite_accepted,2026-09-15T22:19:00Z,control,,,,tal-2026-10
a-e01865,a-acct-198,,evaluation_started,2026-09-15T22:26:00Z,control,,,,tal-2026-10
a-e02470,a-acct-264,a-acct-264-l1,invite_accepted,2026-09-15T22:26:00Z,control,,,,tal-2026-10
a-e02551,a-acct-272,a-acct-272-l5,learner_invited,2026-09-15T22:36:00Z,treatment,,,,tal-2026-10
a-e01783,a-acct-190,a-acct-190-l1,meaningful_lab_completed,2026-09-15T22:43:00Z,treatment,,,lab-synthetic-1,tal-2026-10
a-e01723,a-acct-182,,evaluation_started,2026-09-15T22:56:00Z,control,,,,tal-2026-10
a-e01545,a-acct-164,a-acct-164-l2,invite_accepted,2026-09-15T23:02:00Z,control,,,,tal-2026-10
a-e01575,a-acct-169,a-acct-169-l1,invite_accepted,2026-09-15T23:05:00Z,control,,,,tal-2026-10
a-e01577,a-acct-169,a-acct-169-l2,learner_invited,2026-09-15T23:24:00Z,control,,,,tal-2026-10
a-e01772,a-acct-188,,plan_created,2026-09-15T23:40:00Z,control,,a-acct-188-generic,,tal-2026-10
a-e01130,a-acct-124,a-acct-124-l1,meaningful_lab_completed,2026-09-16T00:24:00Z,control,,,lab-synthetic-4,tal-2026-10
a-e00161,a-acct-021,,plan_created,2026-09-16T00:41:00Z,control,,a-acct-021-generic,,tal-2026-10
a-e00218,a-acct-028,a-acct-028-l4,invite_accepted,2026-09-16T00:41:00Z,control,,,,tal-2026-10
a-e00803,a-acct-090,,evaluation_started,2026-09-16T00:56:00Z,treatment,,,,tal-2026-10
a-e02804,a-acct-296,a-acct-296-l2,learner_invited,2026-09-16T01:00:00Z,control,,,,tal-2026-10
a-e01773,a-acct-188,a-acct-188-l1,learner_invited,2026-09-16T01:19:00Z,control,,,,tal-2026-10
a-e00804,a-acct-090,,goal_selected,2026-09-16T01:23:00Z,treatment,goal-incident-response,,,tal-2026-10
a-e00075,a-acct-010,a-acct-010-l1,learner_invited,2026-09-16T01:47:00Z,treatment,,,,tal-2026-10
a-e00105,a-acct-014,a-acct-014-l1,meaningful_lab_completed,2026-09-16T01:54:00Z,control,,,lab-synthetic-1,tal-2026-10
a-e01543,a-acct-164,a-acct-164-l1,learner_invited,2026-09-16T02:03:00Z,control,,,,tal-2026-10
a-e00211,a-acct-028,a-acct-028-l1,invite_accepted,2026-09-16T02:09:00Z,control,,,,tal-2026-10
a-e00171,a-acct-022,,plan_created,2026-09-16T02:10:00Z,treatment,goal-cloud-foundations,a-acct-022-proof-7d,,tal-2026-10
a-e01154,a-acct-126,a-acct-126-l2,learner_invited,2026-09-16T02:16:00Z,treatment,,,,tal-2026-10
a-e02077,a-acct-222,,plan_created,2026-09-16T02:20:00Z,control,,a-acct-222-generic,,tal-2026-10
a-e02648,a-acct-279,a-acct-279-l5,meaningful_lab_completed,2026-09-16T02:37:00Z,treatment,,,lab-synthetic-2,tal-2026-10
a-e01585,a-acct-169,a-acct-169-l4,learner_invited,2026-09-16T02:44:00Z,control,,,,tal-2026-10
a-e01330,a-acct-142,a-acct-142-l3,learner_invited,2026-09-16T02:51:00Z,control,,,,tal-2026-10
a-e01736,a-acct-183,a-acct-183-l1,lab_started,2026-09-16T02:51:00Z,treatment,,,lab-synthetic-2,tal-2026-10
a-e02313,a-acct-248,a-acct-248-l2,invite_accepted,2026-09-16T03:08:00Z,control,,,,tal-2026-10
a-e00855,a-acct-094,a-acct-094-l3,learner_invited,2026-09-16T03:23:00Z,control,,,,tal-2026-10
a-e00755,a-acct-084,a-acct-084-l2,lab_started,2026-09-16T03:38:00Z,treatment,,,lab-synthetic-5,tal-2026-10
a-e01324,a-acct-142,a-acct-142-l1,learner_invited,2026-09-16T04:12:00Z,control,,,,tal-2026-10
a-e00845,a-acct-092,a-acct-092-l5,invite_accepted,2026-09-16T04:17:00Z,treatment,,,,tal-2026-10
a-e00666,a-acct-075,a-acct-075-l5,meaningful_lab_completed,2026-09-16T04:20:00Z,control,,,lab-synthetic-2,tal-2026-10
a-e01384,a-acct-146,a-acct-146-l3,lab_started,2026-09-16T04:23:00Z,control,,,lab-synthetic-1,tal-2026-10
a-e00417,a-acct-052,,evaluation_started,2026-09-16T04:40:00Z,control,,,,tal-2026-10
a-e00723,a-acct-081,a-acct-081-l1,meaningful_lab_completed,2026-09-16T04:44:00Z,control,,,lab-synthetic-5,tal-2026-10
a-e00815,a-acct-090,a-acct-090-l4,learner_invited,2026-09-16T04:50:00Z,treatment,,,,tal-2026-10
a-e02689,a-acct-283,a-acct-283-l2,lab_started,2026-09-16T05:05:00Z,control,,,lab-synthetic-1,tal-2026-10
a-e01558,a-acct-167,,evaluation_started,2026-09-16T05:21:00Z,control,,,,tal-2026-10
a-e01766,a-acct-187,a-acct-187-l3,invite_accepted,2026-09-16T05:30:00Z,control,,,,tal-2026-10
a-e02511,a-acct-268,,evaluation_started,2026-09-16T05:31:00Z,control,,,,tal-2026-10
a-e01381,a-acct-146,a-acct-146-l2,invite_accepted,2026-09-16T05:32:00Z,control,,,,tal-2026-10
a-e00032,a-acct-005,a-acct-005-l2,lab_started,2026-09-16T05:42:00Z,treatment,,,lab-synthetic-4,tal-2026-10
a-e02471,a-acct-264,a-acct-264-l1,lab_started,2026-09-16T05:52:00Z,control,,,lab-synthetic-3,tal-2026-10
a-e02826,a-acct-300,,evaluation_started,2026-09-16T06:03:00Z,treatment,,,,tal-2026-10
a-e02763,a-acct-292,a-acct-292-l2,learner_opted_out,2026-09-16T06:08:00Z,treatment,,,,tal-2026-10
a-e00165,a-acct-021,a-acct-021-l2,learner_invited,2026-09-16T06:19:00Z,control,,,,tal-2026-10
a-e00805,a-acct-090,,plan_created,2026-09-16T06:24:00Z,treatment,goal-incident-response,a-acct-090-proof-7d,,tal-2026-10
a-e02827,a-acct-300,,goal_selected,2026-09-16T06:26:00Z,treatment,goal-web-app-testing,,,tal-2026-10
a-e00213,a-acct-028,a-acct-028-l2,invite_accepted,2026-09-16T06:29:00Z,control,,,,tal-2026-10
a-e01385,a-acct-146,a-acct-146-l3,meaningful_lab_completed,2026-09-16T06:32:00Z,control,,,lab-synthetic-1,tal-2026-10
a-e01963,a-acct-208,,evaluation_started,2026-09-16T06:35:00Z,treatment,,,,tal-2026-10
a-e00027,a-acct-005,a-acct-005-l1,invite_accepted,2026-09-16T07:08:00Z,treatment,,,,tal-2026-10
a-e00461,a-acct-055,a-acct-055-l2,invite_accepted,2026-09-16T07:09:00Z,treatment,,,,tal-2026-10
a-e01965,a-acct-208,,plan_created,2026-09-16T07:14:00Z,treatment,goal-soc-onboarding,a-acct-208-proof-7d,,tal-2026-10
a-e00465,a-acct-055,a-acct-055-l3,invite_accepted,2026-09-16T07:20:00Z,treatment,,,,tal-2026-10
a-e02828,a-acct-300,,plan_created,2026-09-16T07:23:00Z,treatment,goal-web-app-testing,a-acct-300-proof-7d,,tal-2026-10
a-e01964,a-acct-208,,goal_selected,2026-09-16T07:24:00Z,treatment,goal-soc-onboarding,,,tal-2026-10
a-e00935,a-acct-102,a-acct-102-l1,learner_invited,2026-09-16T07:51:00Z,control,,,,tal-2026-10
a-e01087,a-acct-119,a-acct-119-l1,lab_started,2026-09-16T08:01:00Z,treatment,,,lab-synthetic-6,tal-2026-10
a-e00598,a-acct-069,,evaluation_started,2026-09-16T08:06:00Z,control,,,,tal-2026-10
a-e02668,a-acct-281,a-acct-281-l4,lab_started,2026-09-16T08:27:00Z,treatment,,,lab-synthetic-5,tal-2026-10
a-e01966,a-acct-208,a-acct-208-l1,learner_invited,2026-09-16T08:29:00Z,treatment,,,,tal-2026-10
a-e01571,a-acct-168,a-acct-168-l4,meaningful_lab_completed,2026-09-16T08:41:00Z,treatment,,,lab-synthetic-3,tal-2026-10
a-e01325,a-acct-142,a-acct-142-l1,invite_accepted,2026-09-16T08:43:00Z,control,,,,tal-2026-10
a-e01628,a-acct-173,a-acct-173-l3,lab_started,2026-09-16T09:02:00Z,control,,,lab-synthetic-3,tal-2026-10
a-e02079,a-acct-222,a-acct-222-l2,learner_invited,2026-09-16T09:02:00Z,control,,,,tal-2026-10
a-e00035,a-acct-005,a-acct-005-l3,invite_accepted,2026-09-16T09:08:00Z,treatment,,,,tal-2026-10
a-e02365,a-acct-251,a-acct-251-l4,meaningful_lab_completed,2026-09-16T09:35:00Z,control,,,lab-synthetic-2,tal-2026-10
a-e00166,a-acct-021,a-acct-021-l3,learner_invited,2026-09-16T09:44:00Z,control,,,,tal-2026-10
a-e02552,a-acct-272,a-acct-272-l5,invite_accepted,2026-09-16T09:51:00Z,treatment,,,,tal-2026-10
a-e00223,a-acct-029,a-acct-029-l1,invite_accepted,2026-09-16T10:00:00Z,treatment,,,,tal-2026-10
a-e01916,a-acct-203,a-acct-203-l1,invite_accepted,2026-09-16T10:18:00Z,treatment,,,,tal-2026-10
a-e00175,a-acct-022,a-acct-022-l2,learner_invited,2026-09-16T10:26:00Z,treatment,,,,tal-2026-10
a-e00853,a-acct-094,a-acct-094-l2,invite_accepted,2026-09-16T10:48:00Z,control,,,,tal-2026-10
a-e02078,a-acct-222,a-acct-222-l1,learner_invited,2026-09-16T11:01:00Z,control,,,,tal-2026-10
a-e02665,a-acct-281,a-acct-281-l3,invite_accepted,2026-09-16T11:02:00Z,treatment,,,,tal-2026-10
a-e01918,a-acct-203,a-acct-203-l2,invite_accepted,2026-09-16T11:09:00Z,treatment,,,,tal-2026-10
a-e00856,a-acct-094,a-acct-094-l3,invite_accepted,2026-09-16T11:24:00Z,control,,,,tal-2026-10
a-e01922,a-acct-203,a-acct-203-l3,invite_accepted,2026-09-16T11:41:00Z,treatment,,,,tal-2026-10
a-e01333,a-acct-142,a-acct-142-l4,learner_invited,2026-09-16T11:48:00Z,control,,,,tal-2026-10
a-e01288,a-acct-139,a-acct-139-l2,invite_accepted,2026-09-16T11:57:00Z,treatment,,,,tal-2026-10
a-e01326,a-acct-142,a-acct-142-l2,learner_invited,2026-09-16T11:58:00Z,control,,,,tal-2026-10
a-e02539,a-acct-272,a-acct-272-l2,learner_invited,2026-09-16T12:02:00Z,treatment,,,,tal-2026-10
a-e02662,a-acct-281,a-acct-281-l2,invite_accepted,2026-09-16T12:17:00Z,treatment,,,,tal-2026-10
a-e01770,a-acct-187,a-acct-187-l4,lab_started,2026-09-16T12:19:00Z,control,,,lab-synthetic-5,tal-2026-10
a-e02547,a-acct-272,a-acct-272-l4,learner_invited,2026-09-16T12:24:00Z,treatment,,,,tal-2026-10
a-e00756,a-acct-084,a-acct-084-l2,meaningful_lab_completed,2026-09-16T12:33:00Z,treatment,,,lab-synthetic-5,tal-2026-10
a-e00076,a-acct-010,a-acct-010-l2,learner_invited,2026-09-16T12:41:00Z,treatment,,,,tal-2026-10
a-e02829,a-acct-300,a-acct-300-l1,learner_invited,2026-09-16T12:49:00Z,treatment,,,,tal-2026-10
a-e02658,a-acct-281,a-acct-281-l1,invite_accepted,2026-09-16T12:52:00Z,treatment,,,,tal-2026-10
a-e02685,a-acct-283,a-acct-283-l1,lab_started,2026-09-16T12:53:00Z,control,,,lab-synthetic-5,tal-2026-10
a-e02058,a-acct-219,a-acct-219-l4,invite_accepted,2026-09-16T13:02:00Z,treatment,,,,tal-2026-10
a-e02236,a-acct-241,a-acct-241-l1,lab_started,2026-09-16T13:06:00Z,control,,,lab-synthetic-4,tal-2026-10
a-e02690,a-acct-283,a-acct-283-l2,meaningful_lab_completed,2026-09-16T13:11:00Z,control,,,lab-synthetic-1,tal-2026-10
a-e02241,a-acct-241,a-acct-241-l3,invite_accepted,2026-09-16T13:18:00Z,control,,,,tal-2026-10
a-e01774,a-acct-188,a-acct-188-l2,learner_invited,2026-09-16T13:26:00Z,control,,,,tal-2026-10
a-e00179,a-acct-022,a-acct-022-l3,learner_invited,2026-09-16T13:41:00Z,treatment,,,,tal-2026-10
a-e01868,a-acct-198,a-acct-198-l2,learner_invited,2026-09-16T13:48:00Z,control,,,,tal-2026-10
a-e01989,a-acct-212,,evaluation_started,2026-09-16T13:55:00Z,treatment,,,,tal-2026-10
a-e02801,a-acct-296,a-acct-296-l1,invite_accepted,2026-09-16T13:57:00Z,control,,,,tal-2026-10
a-e00022,a-acct-004,,evaluation_started,2026-09-16T14:00:00Z,control,,,,tal-2026-10
a-e00936,a-acct-102,a-acct-102-l1,learner_opted_out,2026-09-16T14:00:00Z,control,,,,tal-2026-10
a-e01289,a-acct-139,a-acct-139-l2,lab_started,2026-09-16T14:19:00Z,treatment,,,lab-synthetic-2,tal-2026-10
a-e00833,a-acct-092,a-acct-092-l2,invite_accepted,2026-09-16T14:21:00Z,treatment,,,,tal-2026-10
a-e01866,a-acct-198,,plan_created,2026-09-16T14:37:00Z,control,,a-acct-198-generic,,tal-2026-10
a-e01990,a-acct-212,,goal_selected,2026-09-16T14:44:00Z,treatment,goal-cloud-foundations,,,tal-2026-10
a-e00423,a-acct-052,a-acct-052-l2,learner_invited,2026-09-16T14:48:00Z,control,,,,tal-2026-10
a-e01483,a-acct-157,a-acct-157-l1,lab_started,2026-09-16T15:05:00Z,treatment,,,lab-synthetic-1,tal-2026-10
a-e00643,a-acct-074,,evaluation_started,2026-09-16T15:19:00Z,treatment,,,,tal-2026-10
a-e01972,a-acct-208,a-acct-208-l5,learner_invited,2026-09-16T15:42:00Z,treatment,,,,tal-2026-10
a-e02765,a-acct-292,a-acct-292-l3,invite_accepted,2026-09-16T15:47:00Z,treatment,,,,tal-2026-10
a-e00431,a-acct-052,a-acct-052-l4,learner_invited,2026-09-16T15:48:00Z,control,,,,tal-2026-10
a-e00162,a-acct-021,a-acct-021-l1,learner_invited,2026-09-16T15:52:00Z,control,,,,tal-2026-10
a-e02509,a-acct-267,a-acct-267-l2,meaningful_lab_completed,2026-09-16T16:05:00Z,treatment,,,lab-synthetic-6,tal-2026-10
a-e00644,a-acct-074,,goal_selected,2026-09-16T16:17:00Z,treatment,goal-incident-response,,,tal-2026-10
a-e01969,a-acct-208,a-acct-208-l3,learner_invited,2026-09-16T16:21:00Z,treatment,,,,tal-2026-10
a-e01970,a-acct-208,a-acct-208-l4,learner_invited,2026-09-16T16:32:00Z,treatment,,,,tal-2026-10
a-e02663,a-acct-281,a-acct-281-l2,lab_started,2026-09-16T16:33:00Z,treatment,,,lab-synthetic-1,tal-2026-10
a-e00837,a-acct-092,a-acct-092-l3,invite_accepted,2026-09-16T16:48:00Z,treatment,,,,tal-2026-10
a-e01387,a-acct-146,a-acct-146-l4,invite_accepted,2026-09-16T16:59:00Z,control,,,,tal-2026-10
a-e02641,a-acct-279,a-acct-279-l3,meaningful_lab_completed,2026-09-16T17:18:00Z,treatment,,,lab-synthetic-5,tal-2026-10
a-e02833,a-acct-300,a-acct-300-l2,learner_invited,2026-09-16T17:22:00Z,treatment,,,,tal-2026-10
a-e00418,a-acct-052,,plan_created,2026-09-16T17:45:00Z,control,,a-acct-052-generic,,tal-2026-10
a-e01991,a-acct-212,,plan_created,2026-09-16T17:45:00Z,treatment,goal-cloud-foundations,a-acct-212-proof-7d,,tal-2026-10
a-e00457,a-acct-055,a-acct-055-l1,invite_accepted,2026-09-16T17:53:00Z,treatment,,,,tal-2026-10
a-e00811,a-acct-090,a-acct-090-l3,learner_invited,2026-09-16T18:00:00Z,treatment,,,,tal-2026-10
a-e00645,a-acct-074,,plan_created,2026-09-16T18:01:00Z,treatment,goal-incident-response,a-acct-074-proof-7d,,tal-2026-10
a-e00859,a-acct-094,a-acct-094-l4,invite_accepted,2026-09-16T18:16:00Z,control,,,,tal-2026-10
a-e02465,a-acct-262,,evaluation_started,2026-09-16T18:22:00Z,control,,,,tal-2026-10
a-e02626,a-acct-278,a-acct-278-l5,meaningful_lab_completed,2026-09-16T18:36:00Z,treatment,,,lab-synthetic-5,tal-2026-10
a-e02759,a-acct-292,a-acct-292-l1,invite_accepted,2026-09-16T18:39:00Z,treatment,,,,tal-2026-10
a-e00662,a-acct-075,a-acct-075-l4,meaningful_lab_completed,2026-09-16T19:20:00Z,control,,,lab-synthetic-1,tal-2026-10
a-e02789,a-acct-295,,evaluation_started,2026-09-16T19:34:00Z,treatment,,,,tal-2026-10
a-e01992,a-acct-212,a-acct-212-l1,learner_invited,2026-09-16T19:45:00Z,treatment,,,,tal-2026-10
a-e00806,a-acct-090,a-acct-090-l1,learner_invited,2026-09-16T20:06:00Z,treatment,,,,tal-2026-10
a-e02790,a-acct-295,,goal_selected,2026-09-16T20:06:00Z,treatment,goal-incident-response,,,tal-2026-10
a-e02686,a-acct-283,a-acct-283-l1,meaningful_lab_completed,2026-09-16T20:18:00Z,control,,,lab-synthetic-5,tal-2026-10
a-e00172,a-acct-022,a-acct-022-l1,learner_invited,2026-09-16T20:21:00Z,treatment,,,,tal-2026-10
a-e01377,a-acct-146,a-acct-146-l1,invite_accepted,2026-09-16T20:28:00Z,control,,,,tal-2026-10
a-e02760,a-acct-292,a-acct-292-l1,lab_started,2026-09-16T20:48:00Z,treatment,,,lab-synthetic-4,tal-2026-10
a-e02294,a-acct-246,a-acct-246-l1,learner_invited,2026-09-16T20:51:00Z,control,,,,tal-2026-10
a-e00649,a-acct-074,a-acct-074-l2,learner_invited,2026-09-16T21:03:00Z,treatment,,,,tal-2026-10
a-e00758,a-acct-084,a-acct-084-l3,invite_accepted,2026-09-16T21:25:00Z,treatment,,,,tal-2026-10
a-e01767,a-acct-187,a-acct-187-l3,lab_started,2026-09-16T21:36:00Z,control,,,lab-synthetic-1,tal-2026-10
a-e00041,a-acct-005,a-acct-005-l4,meaningful_lab_completed,2026-09-16T21:41:00Z,treatment,,,lab-synthetic-2,tal-2026-10
a-e02802,a-acct-296,a-acct-296-l1,lab_started,2026-09-16T21:42:00Z,control,,,lab-synthetic-4,tal-2026-10
a-e00225,a-acct-029,a-acct-029-l2,invite_accepted,2026-09-16T21:45:00Z,treatment,,,,tal-2026-10
a-e00036,a-acct-005,a-acct-005-l3,lab_started,2026-09-16T21:49:00Z,treatment,,,lab-synthetic-5,tal-2026-10
a-e02293,a-acct-246,,plan_created,2026-09-16T21:49:00Z,control,,a-acct-246-generic,,tal-2026-10
a-e00467,a-acct-055,a-acct-055-l4,invite_accepted,2026-09-16T21:56:00Z,treatment,,,,tal-2026-10
a-e01485,a-acct-157,a-acct-157-l2,invite_accepted,2026-09-16T22:08:00Z,treatment,,,,tal-2026-10
a-e01624,a-acct-173,a-acct-173-l2,lab_started,2026-09-16T22:14:00Z,control,,,lab-synthetic-4,tal-2026-10
a-e00808,a-acct-090,a-acct-090-l2,learner_invited,2026-09-16T22:25:00Z,treatment,,,,tal-2026-10
a-e02580,a-acct-274,a-acct-274-l3,meaningful_lab_completed,2026-09-16T22:27:00Z,treatment,,,lab-synthetic-6,tal-2026-10
a-e01576,a-acct-169,a-acct-169-l1,lab_started,2026-09-16T22:33:00Z,control,,,lab-synthetic-5,tal-2026-10
a-e02165,a-acct-233,a-acct-233-l1,learner_invited,2026-09-03T08:02:00Z,treatment,,,,tal-2026-10
a-e00843,a-acct-092,a-acct-092-l4,meaningful_lab_completed,2026-09-16T22:48:00Z,treatment,,,lab-synthetic-5,tal-2026-10
a-e02795,a-acct-295,a-acct-295-l3,learner_invited,2026-09-16T22:55:00Z,treatment,,,,tal-2026-10
a-e00173,a-acct-022,a-acct-022-l1,invite_accepted,2026-09-16T23:05:00Z,treatment,,,,tal-2026-10
a-e00237,a-acct-031,,evaluation_started,2026-09-16T23:33:00Z,control,,,,tal-2026-10
a-e01081,a-acct-118,,evaluation_started,2026-09-16T23:37:00Z,control,,,,tal-2026-10
a-e02054,a-acct-219,a-acct-219-l1,lab_started,2026-09-17T00:14:00Z,treatment,,,lab-synthetic-1,tal-2026-10
a-e01091,a-acct-120,,evaluation_started,2026-09-17T00:55:00Z,control,,,,tal-2026-10
a-e02620,a-acct-278,a-acct-278-l3,lab_started,2026-09-17T00:56:00Z,treatment,,,lab-synthetic-5,tal-2026-10
a-e00028,a-acct-005,a-acct-005-l1,lab_started,2026-09-17T01:09:00Z,treatment,,,lab-synthetic-4,tal-2026-10
a-e01590,a-acct-169,a-acct-169-l5,invite_accepted,2026-09-17T01:12:00Z,control,,,,tal-2026-10
a-e00458,a-acct-055,a-acct-055-l1,lab_started,2026-09-17T01:20:00Z,treatment,,,lab-synthetic-2,tal-2026-10
a-e01926,a-acct-203,a-acct-203-l4,invite_accepted,2026-09-17T02:00:00Z,treatment,,,,tal-2026-10
a-e01923,a-acct-203,a-acct-203-l3,lab_started,2026-09-17T02:01:00Z,treatment,,,lab-synthetic-1,tal-2026-10
a-e00846,a-acct-092,a-acct-092-l5,lab_started,2026-09-17T02:04:00Z,treatment,,,lab-synthetic-3,tal-2026-10
a-e02327,a-acct-250,,evaluation_started,2026-09-17T02:11:00Z,treatment,,,,tal-2026-10
a-e00809,a-acct-090,a-acct-090-l2,invite_accepted,2026-09-17T02:23:00Z,treatment,,,,tal-2026-10
a-e00432,a-acct-052,a-acct-052-l5,learner_invited,2026-09-17T02:31:00Z,control,,,,tal-2026-10
a-e01968,a-acct-208,a-acct-208-l2,learner_invited,2026-09-17T02:32:00Z,treatment,,,,tal-2026-10
a-e02328,a-acct-250,,goal_selected,2026-09-17T02:49:00Z,treatment,goal-incident-response,,,tal-2026-10
a-e02741,a-acct-290,a-acct-290-l1,lab_started,2026-09-07T04:31:00Z,treatment,,,lab-synthetic-4,tal-2026-10
a-e02621,a-acct-278,a-acct-278-l3,meaningful_lab_completed,2026-09-17T02:56:00Z,treatment,,,lab-synthetic-5,tal-2026-10
a-e02512,a-acct-269,,evaluation_started,2026-09-10T05:49:00Z,treatment,,,,tal-2026-10
a-e00854,a-acct-094,a-acct-094-l2,lab_started,2026-09-17T03:31:00Z,control,,,lab-synthetic-6,tal-2026-10
a-e00427,a-acct-052,a-acct-052-l3,learner_invited,2026-09-17T03:36:00Z,control,,,,tal-2026-10
a-e00838,a-acct-092,a-acct-092-l3,lab_started,2026-09-17T03:38:00Z,treatment,,,lab-synthetic-6,tal-2026-10
a-e01327,a-acct-142,a-acct-142-l2,invite_accepted,2026-09-17T03:42:00Z,control,,,,tal-2026-10
a-e00938,a-acct-102,a-acct-102-l2,invite_accepted,2026-09-17T04:28:00Z,control,,,,tal-2026-10
a-e01724,a-acct-182,,plan_created,2026-09-17T04:53:00Z,control,,a-acct-182-generic,,tal-2026-10
a-e01028,a-acct-113,,plan_created,2026-09-18T16:39:00Z,treatment,goal-web-app-testing,a-acct-113-proof-7d,,tal-2026-10
a-e00816,a-acct-090,a-acct-090-l4,invite_accepted,2026-09-17T05:13:00Z,treatment,,,,tal-2026-10
a-e01870,a-acct-198,a-acct-198-l3,learner_invited,2026-09-17T05:47:00Z,control,,,,tal-2026-10
a-e01867,a-acct-198,a-acct-198-l1,learner_invited,2026-09-17T05:55:00Z,control,,,,tal-2026-10
a-e02805,a-acct-296,a-acct-296-l2,invite_accepted,2026-09-17T05:58:00Z,control,,,,tal-2026-10
a-e00180,a-acct-022,a-acct-022-l3,invite_accepted,2026-09-17T06:01:00Z,treatment,,,,tal-2026-10
a-e00650,a-acct-074,a-acct-074-l2,invite_accepted,2026-09-17T06:06:00Z,treatment,,,,tal-2026-10
a-e02659,a-acct-281,a-acct-281-l1,lab_started,2026-09-17T06:06:00Z,treatment,,,lab-synthetic-1,tal-2026-10
a-e00037,a-acct-005,a-acct-005-l3,meaningful_lab_completed,2026-09-17T06:07:00Z,treatment,,,lab-synthetic-5,tal-2026-10
a-e00646,a-acct-074,a-acct-074-l1,learner_invited,2026-09-17T06:12:00Z,treatment,,,,tal-2026-10
a-e01532,a-acct-163,,evaluation_started,2026-09-17T06:34:00Z,control,,,,tal-2026-10
a-e01582,a-acct-169,a-acct-169-l3,invite_accepted,2026-09-17T06:53:00Z,control,,,,tal-2026-10
a-e02242,a-acct-241,a-acct-241-l3,lab_started,2026-09-17T07:15:00Z,control,,,lab-synthetic-6,tal-2026-10
a-e00428,a-acct-052,a-acct-052-l3,invite_accepted,2026-09-17T07:37:00Z,control,,,,tal-2026-10
a-e02329,a-acct-250,,plan_created,2026-09-17T07:38:00Z,treatment,goal-incident-response,a-acct-250-proof-7d,,tal-2026-10
a-e02537,a-acct-272,a-acct-272-l1,learner_invited,2026-09-17T07:40:00Z,treatment,,,,tal-2026-10
a-e02793,a-acct-295,a-acct-295-l2,learner_invited,2026-09-17T07:55:00Z,treatment,,,,tal-2026-10
a-e02792,a-acct-295,a-acct-295-l1,learner_invited,2026-09-17T08:08:00Z,treatment,,,,tal-2026-10
a-e02296,a-acct-246,a-acct-246-l3,learner_invited,2026-09-17T08:10:00Z,control,,,,tal-2026-10
a-e01725,a-acct-182,a-acct-182-l1,learner_invited,2026-09-17T08:17:00Z,control,,,,tal-2026-10
a-e02211,a-acct-237,,evaluation_started,2026-09-17T08:43:00Z,control,,,,tal-2026-10
a-e01869,a-acct-198,a-acct-198-l2,learner_opted_out,2026-09-17T09:01:00Z,control,,,,tal-2026-10
a-e01336,a-acct-142,a-acct-142-l5,invite_accepted,2026-09-17T09:02:00Z,control,,,,tal-2026-10
a-e00174,a-acct-022,a-acct-022-l1,lab_started,2026-09-17T09:28:00Z,treatment,,,lab-synthetic-2,tal-2026-10
a-e01425,a-acct-151,a-acct-151-l2,learner_invited,2026-09-02T02:28:00Z,treatment,,,,tal-2026-10
a-e02538,a-acct-272,a-acct-272-l1,learner_opted_out,2026-09-17T09:54:00Z,treatment,,,,tal-2026-10
a-e00050,a-acct-007,,evaluation_started,2026-09-17T09:58:00Z,treatment,,,,tal-2026-10
a-e00419,a-acct-052,a-acct-052-l1,learner_invited,2026-09-17T10:12:00Z,control,,,,tal-2026-10
a-e00051,a-acct-007,,goal_selected,2026-09-17T10:13:00Z,treatment,goal-cloud-foundations,,,tal-2026-10
a-e01285,a-acct-139,a-acct-139-l1,invite_accepted,2026-09-17T10:33:00Z,treatment,,,,tal-2026-10
a-e01967,a-acct-208,a-acct-208-l1,invite_accepted,2026-09-17T10:36:00Z,treatment,,,,tal-2026-10
a-e02155,a-acct-231,,plan_created,2026-09-17T11:13:00Z,control,,a-acct-231-generic,,tal-2026-10
a-e00052,a-acct-007,,plan_created,2026-09-17T11:20:00Z,treatment,goal-cloud-foundations,a-acct-007-proof-7d,,tal-2026-10
a-e01993,a-acct-212,a-acct-212-l2,learner_invited,2026-09-17T11:24:00Z,treatment,,,,tal-2026-10
a-e01593,a-acct-170,,evaluation_started,2026-09-17T11:25:00Z,treatment,,,,tal-2026-10
a-e02139,a-acct-230,,evaluation_started,2026-09-17T11:37:00Z,treatment,,,,tal-2026-10
a-e01726,a-acct-182,a-acct-182-l1,learner_opted_out,2026-09-17T11:43:00Z,control,,,,tal-2026-10
a-e02330,a-acct-250,a-acct-250-l1,learner_invited,2026-09-17T11:43:00Z,treatment,,,,tal-2026-10
a-e01594,a-acct-170,,goal_selected,2026-09-17T11:44:00Z,treatment,goal-incident-response,,,tal-2026-10
a-e00462,a-acct-055,a-acct-055-l2,lab_started,2026-09-17T11:47:00Z,treatment,,,lab-synthetic-3,tal-2026-10
a-e02342,a-acct-250,a-acct-250-l4,learner_invited,2026-09-17T11:49:00Z,treatment,,,,tal-2026-10
a-e02346,a-acct-250,a-acct-250-l5,learner_invited,2026-09-17T11:53:00Z,treatment,,,,tal-2026-10
a-e02295,a-acct-246,a-acct-246-l2,learner_invited,2026-09-17T11:55:00Z,control,,,,tal-2026-10
a-e01973,a-acct-208,a-acct-208-l5,invite_accepted,2026-09-17T12:15:00Z,treatment,,,,tal-2026-10
a-e02140,a-acct-230,,goal_selected,2026-09-17T12:31:00Z,treatment,goal-soc-onboarding,,,tal-2026-10
a-e00429,a-acct-052,a-acct-052-l3,lab_started,2026-09-17T12:36:00Z,control,,,lab-synthetic-2,tal-2026-10
a-e02553,a-acct-272,a-acct-272-l5,lab_started,2026-09-17T12:38:00Z,treatment,,,lab-synthetic-2,tal-2026-10
a-e00834,a-acct-092,a-acct-092-l2,lab_started,2026-09-17T12:40:00Z,treatment,,,lab-synthetic-6,tal-2026-10
a-e01919,a-acct-203,a-acct-203-l2,lab_started,2026-09-17T12:41:00Z,treatment,,,lab-synthetic-1,tal-2026-10
a-e02141,a-acct-230,,plan_created,2026-09-17T12:43:00Z,treatment,goal-soc-onboarding,a-acct-230-proof-7d,,tal-2026-10
a-e00759,a-acct-084,a-acct-084-l3,lab_started,2026-09-17T12:50:00Z,treatment,,,lab-synthetic-1,tal-2026-10
a-e02796,a-acct-295,a-acct-295-l4,learner_invited,2026-09-17T12:57:00Z,treatment,,,,tal-2026-10
a-e00277,a-acct-036,,evaluation_started,2026-09-06T01:56:00Z,control,,,,tal-2026-10
a-e02158,a-acct-231,a-acct-231-l3,learner_invited,2026-09-17T13:17:00Z,control,,,,tal-2026-10
a-e00857,a-acct-094,a-acct-094-l3,lab_started,2026-09-17T14:06:00Z,control,,,lab-synthetic-2,tal-2026-10
a-e00167,a-acct-021,a-acct-021-l3,invite_accepted,2026-09-17T14:28:00Z,control,,,,tal-2026-10
a-e02142,a-acct-230,a-acct-230-l1,learner_invited,2026-09-17T15:06:00Z,treatment,,,,tal-2026-10
a-e01334,a-acct-142,a-acct-142-l4,invite_accepted,2026-09-17T15:13:00Z,control,,,,tal-2026-10
a-e01595,a-acct-170,,plan_created,2026-09-17T15:16:00Z,treatment,goal-incident-response,a-acct-170-proof-7d,,tal-2026-10
a-e01995,a-acct-214,,evaluation_started,2026-09-17T15:33:00Z,control,,,,tal-2026-10
a-e01331,a-acct-142,a-acct-142-l3,invite_accepted,2026-09-17T15:53:00Z,control,,,,tal-2026-10
a-e02803,a-acct-296,a-acct-296-l1,meaningful_lab_completed,2026-09-17T15:55:00Z,control,,,lab-synthetic-4,tal-2026-10
a-e02669,a-acct-281,a-acct-281-l4,meaningful_lab_completed,2026-09-17T16:20:00Z,treatment,,,lab-synthetic-5,tal-2026-10
a-e00647,a-acct-074,a-acct-074-l1,invite_accepted,2026-09-17T16:33:00Z,treatment,,,,tal-2026-10
a-e01927,a-acct-203,a-acct-203-l4,lab_started,2026-09-17T17:05:00Z,treatment,,,lab-synthetic-6,tal-2026-10
a-e01586,a-acct-169,a-acct-169-l4,invite_accepted,2026-09-17T17:31:00Z,control,,,,tal-2026-10
a-e00433,a-acct-052,a-acct-052-l5,invite_accepted,2026-09-17T17:32:00Z,control,,,,tal-2026-10
a-e02212,a-acct-237,,plan_created,2026-09-17T17:40:00Z,control,,a-acct-237-generic,,tal-2026-10
a-e00195,a-acct-025,a-acct-025-l1,lab_started,2026-09-23T00:17:00Z,control,,,lab-synthetic-1,tal-2026-10
a-e02304,a-acct-246,a-acct-246-l5,learner_invited,2026-09-17T17:57:00Z,control,,,,tal-2026-10
a-e02150,a-acct-230,a-acct-230-l4,learner_invited,2026-09-17T18:13:00Z,treatment,,,,tal-2026-10
a-e00176,a-acct-022,a-acct-022-l2,invite_accepted,2026-09-17T18:24:00Z,treatment,,,,tal-2026-10
a-e00810,a-acct-090,a-acct-090-l2,lab_started,2026-09-17T18:35:00Z,treatment,,,lab-synthetic-6,tal-2026-10
a-e01093,a-acct-120,a-acct-120-l1,learner_invited,2026-09-17T18:46:00Z,control,,,,tal-2026-10
a-e01625,a-acct-173,a-acct-173-l2,meaningful_lab_completed,2026-09-17T18:46:00Z,control,,,lab-synthetic-4,tal-2026-10
a-e02543,a-acct-272,a-acct-272-l3,learner_invited,2026-09-17T19:24:00Z,treatment,,,,tal-2026-10
a-e00648,a-acct-074,a-acct-074-l1,lab_started,2026-09-17T19:33:00Z,treatment,,,lab-synthetic-3,tal-2026-10
a-e01286,a-acct-139,a-acct-139-l1,lab_started,2026-09-17T19:33:00Z,treatment,,,lab-synthetic-6,tal-2026-10
a-e01538,a-acct-163,a-acct-163-l2,learner_invited,2026-09-17T19:33:00Z,control,,,,tal-2026-10
a-e01388,a-acct-146,a-acct-146-l4,lab_started,2026-09-17T19:37:00Z,control,,,lab-synthetic-3,tal-2026-10
a-e02218,a-acct-237,a-acct-237-l4,learner_invited,2026-09-17T19:38:00Z,control,,,,tal-2026-10
a-e00760,a-acct-084,a-acct-084-l3,meaningful_lab_completed,2026-09-17T19:52:00Z,treatment,,,lab-synthetic-1,tal-2026-10
a-e02157,a-acct-231,a-acct-231-l2,learner_invited,2026-09-17T20:03:00Z,control,,,,tal-2026-10
a-e02338,a-acct-250,a-acct-250-l3,learner_invited,2026-09-17T20:07:00Z,treatment,,,,tal-2026-10
a-e00424,a-acct-052,a-acct-052-l2,invite_accepted,2026-09-17T20:09:00Z,control,,,,tal-2026-10
a-e02168,a-acct-234,,evaluation_started,2026-09-17T20:19:00Z,treatment,,,,tal-2026-10
a-e01328,a-acct-142,a-acct-142-l2,lab_started,2026-09-17T20:44:00Z,control,,,lab-synthetic-5,tal-2026-10
a-e00767,a-acct-085,a-acct-085-l1,meaningful_lab_completed,2026-09-12T16:05:00Z,treatment,,,lab-synthetic-6,tal-2026-10
a-e01092,a-acct-120,,plan_created,2026-09-17T21:02:00Z,control,,a-acct-120-generic,,tal-2026-10
a-e02540,a-acct-272,a-acct-272-l2,invite_accepted,2026-09-17T21:10:00Z,treatment,,,,tal-2026-10
a-e02169,a-acct-234,,goal_selected,2026-09-17T21:23:00Z,treatment,goal-soc-onboarding,,,tal-2026-10
a-e01533,a-acct-163,,plan_created,2026-09-17T21:28:00Z,control,,a-acct-163-generic,,tal-2026-10
a-e01727,a-acct-182,a-acct-182-l2,learner_invited,2026-09-17T21:29:00Z,control,,,,tal-2026-10
a-e00787,a-acct-087,,evaluation_started,2026-09-17T21:35:00Z,treatment,,,,tal-2026-10
a-e02761,a-acct-292,a-acct-292-l1,meaningful_lab_completed,2026-09-17T21:38:00Z,treatment,,,lab-synthetic-4,tal-2026-10
a-e00807,a-acct-090,a-acct-090-l1,invite_accepted,2026-09-17T21:49:00Z,treatment,,,,tal-2026-10
a-e01871,a-acct-198,a-acct-198-l3,invite_accepted,2026-09-17T21:50:00Z,control,,,,tal-2026-10
a-e00788,a-acct-087,,goal_selected,2026-09-17T21:59:00Z,treatment,goal-soc-onboarding,,,tal-2026-10
a-e02649,a-acct-280,,evaluation_started,2026-09-17T22:19:00Z,treatment,,,,tal-2026-10
a-e00839,a-acct-092,a-acct-092-l3,meaningful_lab_completed,2026-09-17T22:42:00Z,treatment,,,lab-synthetic-6,tal-2026-10
a-e02170,a-acct-234,,plan_created,2026-09-17T22:42:00Z,treatment,goal-soc-onboarding,a-acct-234-proof-7d,,tal-2026-10
a-e00053,a-acct-007,a-acct-007-l1,learner_invited,2026-09-17T22:43:00Z,treatment,,,,tal-2026-10
a-e02650,a-acct-280,,goal_selected,2026-09-17T22:43:00Z,treatment,goal-soc-onboarding,,,tal-2026-10
a-e02766,a-acct-292,a-acct-292-l3,lab_started,2026-09-17T22:57:00Z,treatment,,,lab-synthetic-5,tal-2026-10
a-e00789,a-acct-087,,plan_created,2026-09-17T22:59:00Z,treatment,goal-soc-onboarding,a-acct-087-proof-7d,,tal-2026-10
a-e01417,a-acct-150,,evaluation_started,2026-09-17T23:16:00Z,control,,,,tal-2026-10
a-e02651,a-acct-280,,plan_created,2026-09-17T23:16:00Z,treatment,goal-soc-onboarding,a-acct-280-proof-7d,,tal-2026-10
a-e00656,a-acct-075,a-acct-075-l1,meaningful_lab_completed,2026-09-18T00:03:00Z,control,,,lab-synthetic-2,tal-2026-10
a-e01960,a-acct-207,a-acct-207-l2,meaningful_lab_completed,2026-09-18T00:17:00Z,treatment,,,lab-synthetic-2,tal-2026-10
a-e02587,a-acct-275,,evaluation_started,2026-09-18T00:34:00Z,control,,,,tal-2026-10
a-e02148,a-acct-230,a-acct-230-l3,learner_invited,2026-09-18T01:36:00Z,treatment,,,,tal-2026-10
a-e00860,a-acct-094,a-acct-094-l4,lab_started,2026-09-18T01:37:00Z,control,,,lab-synthetic-6,tal-2026-10
a-e01583,a-acct-169,a-acct-169-l3,lab_started,2026-09-18T01:39:00Z,control,,,lab-synthetic-5,tal-2026-10
a-e01591,a-acct-169,a-acct-169-l5,lab_started,2026-09-18T01:51:00Z,control,,,lab-synthetic-6,tal-2026-10
a-e01971,a-acct-208,a-acct-208-l4,invite_accepted,2026-09-18T01:57:00Z,treatment,,,,tal-2026-10
a-e00058,a-acct-008,,evaluation_started,2026-09-18T02:01:00Z,control,,,,tal-2026-10
a-e02548,a-acct-272,a-acct-272-l4,invite_accepted,2026-09-18T02:07:00Z,treatment,,,,tal-2026-10
a-e02171,a-acct-234,a-acct-234-l1,learner_invited,2026-09-18T02:09:00Z,treatment,,,,tal-2026-10
a-e00163,a-acct-021,a-acct-021-l1,invite_accepted,2026-09-18T02:10:00Z,control,,,,tal-2026-10
a-e02213,a-acct-237,a-acct-237-l1,learner_invited,2026-09-18T02:22:00Z,control,,,,tal-2026-10
a-e02180,a-acct-234,a-acct-234-l5,learner_invited,2026-09-18T02:59:00Z,treatment,,,,tal-2026-10
a-e02339,a-acct-250,a-acct-250-l3,invite_accepted,2026-09-18T03:02:00Z,treatment,,,,tal-2026-10
a-e01378,a-acct-146,a-acct-146-l1,lab_started,2026-09-18T03:12:00Z,control,,,lab-synthetic-2,tal-2026-10
a-e01728,a-acct-182,a-acct-182-l2,invite_accepted,2026-09-18T03:13:00Z,control,,,,tal-2026-10
a-e02334,a-acct-250,a-acct-250-l2,learner_invited,2026-09-18T03:15:00Z,treatment,,,,tal-2026-10
a-e02386,a-acct-254,,plan_created,2026-09-18T03:24:00Z,control,,a-acct-254-generic,,tal-2026-10
a-e02175,a-acct-234,a-acct-234-l2,learner_invited,2026-09-18T03:29:00Z,treatment,,,,tal-2026-10
a-e02653,a-acct-280,a-acct-280-l2,learner_invited,2026-09-18T03:30:00Z,treatment,,,,tal-2026-10
a-e02178,a-acct-234,a-acct-234-l4,learner_invited,2026-09-18T04:23:00Z,treatment,,,,tal-2026-10
a-e02176,a-acct-234,a-acct-234-l3,learner_invited,2026-09-18T04:25:00Z,treatment,,,,tal-2026-10
a-e00792,a-acct-087,a-acct-087-l2,learner_invited,2026-09-18T04:33:00Z,treatment,,,,tal-2026-10
a-e01534,a-acct-163,a-acct-163-l1,learner_invited,2026-09-18T05:01:00Z,control,,,,tal-2026-10
a-e02297,a-acct-246,a-acct-246-l3,invite_accepted,2026-09-18T05:15:00Z,control,,,,tal-2026-10
a-e02831,a-acct-300,a-acct-300-l1,lab_started,2026-09-18T05:20:00Z,treatment,,,lab-synthetic-6,tal-2026-10
a-e02156,a-acct-231,a-acct-231-l1,learner_invited,2026-09-18T05:34:00Z,control,,,,tal-2026-10
a-e02216,a-acct-237,a-acct-237-l3,learner_invited,2026-09-18T05:56:00Z,control,,,,tal-2026-10
a-e02151,a-acct-230,a-acct-230-l4,invite_accepted,2026-09-18T05:58:00Z,treatment,,,,tal-2026-10
a-e02544,a-acct-272,a-acct-272-l3,invite_accepted,2026-09-18T06:01:00Z,treatment,,,,tal-2026-10
a-e01054,a-acct-115,,evaluation_started,2026-09-18T06:15:00Z,treatment,,,,tal-2026-10
a-e01596,a-acct-170,a-acct-170-l1,learner_invited,2026-09-18T06:33:00Z,treatment,,,,tal-2026-10
a-e01055,a-acct-115,,goal_selected,2026-09-18T06:37:00Z,treatment,goal-incident-response,,,tal-2026-10
a-e02389,a-acct-254,a-acct-254-l2,learner_invited,2026-09-18T06:40:00Z,control,,,,tal-2026-10
a-e02160,a-acct-231,a-acct-231-l4,learner_invited,2026-09-18T06:43:00Z,control,,,,tal-2026-10
a-e02298,a-acct-246,a-acct-246-l3,lab_started,2026-09-18T06:52:00Z,control,,,lab-synthetic-2,tal-2026-10
a-e00812,a-acct-090,a-acct-090-l3,invite_accepted,2026-09-18T06:59:00Z,treatment,,,,tal-2026-10
a-e02145,a-acct-230,a-acct-230-l2,learner_invited,2026-09-18T07:06:00Z,treatment,,,,tal-2026-10
a-e01599,a-acct-170,a-acct-170-l2,learner_invited,2026-09-18T07:15:00Z,treatment,,,,tal-2026-10
a-e00057,a-acct-007,a-acct-007-l2,learner_invited,2026-09-18T07:20:00Z,treatment,,,,tal-2026-10
a-e01114,a-acct-123,,evaluation_started,2026-09-18T07:33:00Z,control,,,,tal-2026-10
a-e00093,a-acct-013,,evaluation_started,2026-09-18T07:35:00Z,control,,,,tal-2026-10
a-e01056,a-acct-115,,plan_created,2026-09-18T07:47:00Z,treatment,goal-incident-response,a-acct-115-proof-7d,,tal-2026-10
a-e02159,a-acct-231,a-acct-231-l3,invite_accepted,2026-09-18T07:48:00Z,control,,,,tal-2026-10
a-e00387,a-acct-049,,evaluation_started,2026-09-18T08:14:00Z,control,,,,tal-2026-10
a-e02301,a-acct-246,a-acct-246-l4,invite_accepted,2026-09-18T08:17:00Z,control,,,,tal-2026-10
a-e02331,a-acct-250,a-acct-250-l1,invite_accepted,2026-09-18T08:35:00Z,treatment,,,,tal-2026-10
a-e00001,a-acct-001,,evaluation_started,2026-09-18T08:41:00Z,control,,,,tal-2026-10
a-e02347,a-acct-250,a-acct-250-l5,invite_accepted,2026-09-18T08:44:00Z,treatment,,,,tal-2026-10
a-e00790,a-acct-087,a-acct-087-l1,learner_invited,2026-09-18T08:45:00Z,treatment,,,,tal-2026-10
a-e02413,a-acct-256,,evaluation_started,2026-09-18T08:50:00Z,control,,,,tal-2026-10
a-e02217,a-acct-237,a-acct-237-l3,invite_accepted,2026-09-18T09:10:00Z,control,,,,tal-2026-10
a-e02215,a-acct-237,a-acct-237-l2,learner_invited,2026-09-18T09:19:00Z,control,,,,tal-2026-10
a-e02305,a-acct-246,a-acct-246-l5,invite_accepted,2026-09-18T09:27:00Z,control,,,,tal-2026-10
a-e00061,a-acct-008,a-acct-008-l2,learner_invited,2026-09-18T09:31:00Z,control,,,,tal-2026-10
a-e02387,a-acct-254,a-acct-254-l1,learner_invited,2026-09-18T09:35:00Z,control,,,,tal-2026-10
a-e02343,a-acct-250,a-acct-250-l4,invite_accepted,2026-09-18T09:41:00Z,treatment,,,,tal-2026-10
a-e02335,a-acct-250,a-acct-250-l2,invite_accepted,2026-09-18T09:59:00Z,treatment,,,,tal-2026-10
a-e00425,a-acct-052,a-acct-052-l2,lab_started,2026-09-18T10:07:00Z,control,,,lab-synthetic-4,tal-2026-10
a-e01026,a-acct-113,,evaluation_started,2026-09-18T10:10:00Z,treatment,,,,tal-2026-10
a-e00067,a-acct-008,a-acct-008-l4,learner_invited,2026-09-18T10:28:00Z,control,,,,tal-2026-10
a-e01094,a-acct-120,a-acct-120-l2,learner_invited,2026-09-18T10:30:00Z,control,,,,tal-2026-10
a-e02104,a-acct-226,,evaluation_started,2026-09-18T10:34:00Z,control,,,,tal-2026-10
a-e01332,a-acct-142,a-acct-142-l3,lab_started,2026-09-18T10:37:00Z,control,,,lab-synthetic-4,tal-2026-10
a-e01579,a-acct-169,a-acct-169-l2,lab_started,2026-09-18T11:06:00Z,control,,,lab-synthetic-5,tal-2026-10
a-e01535,a-acct-163,a-acct-163-l1,invite_accepted,2026-09-18T11:09:00Z,control,,,,tal-2026-10
a-e01027,a-acct-113,,goal_selected,2026-09-18T11:10:00Z,treatment,goal-web-app-testing,,,tal-2026-10
a-e02340,a-acct-250,a-acct-250-l3,lab_started,2026-09-18T11:27:00Z,treatment,,,lab-synthetic-5,tal-2026-10
a-e01072,a-acct-115,a-acct-115-l5,learner_invited,2026-09-18T11:29:00Z,treatment,,,,tal-2026-10
a-e00004,a-acct-001,a-acct-001-l2,learner_invited,2026-09-18T11:53:00Z,control,,,,tal-2026-10
a-e00006,a-acct-001,a-acct-001-l4,learner_invited,2026-09-18T11:54:00Z,control,,,,tal-2026-10
a-e02652,a-acct-280,a-acct-280-l1,learner_invited,2026-09-18T12:18:00Z,treatment,,,,tal-2026-10
a-e00059,a-acct-008,,plan_created,2026-09-18T12:50:00Z,control,,a-acct-008-generic,,tal-2026-10
a-e00002,a-acct-001,,plan_created,2026-09-18T13:07:00Z,control,,a-acct-001-generic,,tal-2026-10
a-e02172,a-acct-234,a-acct-234-l1,invite_accepted,2026-09-18T13:08:00Z,treatment,,,,tal-2026-10
a-e01057,a-acct-115,a-acct-115-l1,learner_invited,2026-09-18T13:13:00Z,treatment,,,,tal-2026-10
a-e01924,a-acct-203,a-acct-203-l3,meaningful_lab_completed,2026-09-18T13:44:00Z,treatment,,,lab-synthetic-1,tal-2026-10
a-e00831,a-acct-092,a-acct-092-l1,meaningful_lab_completed,2026-09-18T14:21:00Z,treatment,,,lab-synthetic-6,tal-2026-10
a-e01060,a-acct-115,a-acct-115-l2,learner_invited,2026-09-18T14:48:00Z,treatment,,,,tal-2026-10
a-e00069,a-acct-008,a-acct-008-l5,learner_invited,2026-09-18T15:01:00Z,control,,,,tal-2026-10
a-e01587,a-acct-169,a-acct-169-l4,lab_started,2026-09-18T15:09:00Z,control,,,lab-synthetic-1,tal-2026-10
a-e01337,a-acct-142,a-acct-142-l5,lab_started,2026-09-18T15:10:00Z,control,,,lab-synthetic-4,tal-2026-10
a-e00181,a-acct-022,a-acct-022-l3,lab_started,2026-09-18T15:26:00Z,treatment,,,lab-synthetic-3,tal-2026-10
a-e02306,a-acct-246,a-acct-246-l5,lab_started,2026-09-18T16:03:00Z,control,,,lab-synthetic-1,tal-2026-10
a-e01379,a-acct-146,a-acct-146-l1,meaningful_lab_completed,2026-09-18T16:22:00Z,control,,,lab-synthetic-2,tal-2026-10
a-e02299,a-acct-246,a-acct-246-l3,meaningful_lab_completed,2026-09-18T16:24:00Z,control,,,lab-synthetic-2,tal-2026-10
a-e02385,a-acct-254,,evaluation_started,2026-09-17T05:05:00Z,control,,,,tal-2026-10
a-e00003,a-acct-001,a-acct-001-l1,learner_invited,2026-09-18T16:53:00Z,control,,,,tal-2026-10
a-e00054,a-acct-007,a-acct-007-l1,invite_accepted,2026-09-18T17:02:00Z,treatment,,,,tal-2026-10
a-e01061,a-acct-115,a-acct-115-l2,invite_accepted,2026-09-18T17:06:00Z,treatment,,,,tal-2026-10
a-e02177,a-acct-234,a-acct-234-l3,invite_accepted,2026-09-18T17:14:00Z,treatment,,,,tal-2026-10
a-e01996,a-acct-214,,plan_created,2026-09-18T17:16:00Z,control,,a-acct-214-generic,,tal-2026-10
a-e00434,a-acct-052,a-acct-052-l5,lab_started,2026-09-18T18:06:00Z,control,,,lab-synthetic-2,tal-2026-10
a-e02243,a-acct-241,a-acct-241-l3,meaningful_lab_completed,2026-09-18T18:19:00Z,control,,,lab-synthetic-6,tal-2026-10
a-e02146,a-acct-230,a-acct-230-l2,invite_accepted,2026-09-18T18:26:00Z,treatment,,,,tal-2026-10
a-e00388,a-acct-049,,plan_created,2026-09-18T18:33:00Z,control,,a-acct-049-generic,,tal-2026-10
a-e02794,a-acct-295,a-acct-295-l2,invite_accepted,2026-09-18T18:47:00Z,treatment,,,,tal-2026-10
a-e00168,a-acct-021,a-acct-021-l3,lab_started,2026-09-18T18:51:00Z,control,,,lab-synthetic-2,tal-2026-10
a-e01029,a-acct-113,a-acct-113-l1,learner_invited,2026-09-18T18:59:00Z,treatment,,,,tal-2026-10
a-e01030,a-acct-113,a-acct-113-l2,learner_invited,2026-09-18T19:05:00Z,treatment,,,,tal-2026-10
a-e01584,a-acct-169,a-acct-169-l3,meaningful_lab_completed,2026-09-18T19:17:00Z,control,,,lab-synthetic-5,tal-2026-10
a-e01997,a-acct-214,a-acct-214-l1,learner_invited,2026-09-18T20:00:00Z,control,,,,tal-2026-10
a-e00177,a-acct-022,a-acct-022-l2,lab_started,2026-09-18T20:44:00Z,treatment,,,lab-synthetic-4,tal-2026-10
a-e02388,a-acct-254,a-acct-254-l1,learner_opted_out,2026-09-18T20:57:00Z,control,,,,tal-2026-10
a-e01539,a-acct-163,a-acct-163-l2,invite_accepted,2026-09-18T21:18:00Z,control,,,,tal-2026-10
a-e01329,a-acct-142,a-acct-142-l2,meaningful_lab_completed,2026-09-18T21:26:00Z,control,,,lab-synthetic-5,tal-2026-10
a-e00070,a-acct-008,a-acct-008-l5,invite_accepted,2026-09-18T21:32:00Z,control,,,,tal-2026-10
a-e00420,a-acct-052,a-acct-052-l1,invite_accepted,2026-09-18T21:32:00Z,control,,,,tal-2026-10
a-e02003,a-acct-214,a-acct-214-l3,learner_invited,2026-09-18T22:00:00Z,control,,,,tal-2026-10
a-e01592,a-acct-169,a-acct-169-l5,meaningful_lab_completed,2026-09-18T22:18:00Z,control,,,lab-synthetic-6,tal-2026-10
a-e02001,a-acct-214,a-acct-214-l2,learner_invited,2026-09-18T23:10:00Z,control,,,,tal-2026-10
a-e00065,a-acct-008,a-acct-008-l3,learner_invited,2026-09-18T23:12:00Z,control,,,,tal-2026-10
a-e02179,a-acct-234,a-acct-234-l4,invite_accepted,2026-09-18T23:26:00Z,treatment,,,,tal-2026-10
a-e00005,a-acct-001,a-acct-001-l3,learner_invited,2026-09-18T23:28:00Z,control,,,,tal-2026-10
a-e00033,a-acct-005,a-acct-005-l2,meaningful_lab_completed,2026-09-18T23:36:00Z,treatment,,,lab-synthetic-4,tal-2026-10
a-e00463,a-acct-055,a-acct-055-l2,meaningful_lab_completed,2026-09-19T00:15:00Z,treatment,,,lab-synthetic-3,tal-2026-10
a-e02143,a-acct-230,a-acct-230-l1,invite_accepted,2026-09-19T00:19:00Z,treatment,,,,tal-2026-10
a-e01064,a-acct-115,a-acct-115-l3,learner_invited,2026-09-19T01:05:00Z,treatment,,,,tal-2026-10
a-e00164,a-acct-021,a-acct-021-l1,lab_started,2026-09-19T01:12:00Z,control,,,lab-synthetic-3,tal-2026-10
a-e01068,a-acct-115,a-acct-115-l4,learner_invited,2026-09-19T01:30:00Z,treatment,,,,tal-2026-10
a-e02261,a-acct-243,,evaluation_started,2026-09-19T01:34:00Z,treatment,,,,tal-2026-10
a-e02173,a-acct-234,a-acct-234-l1,lab_started,2026-09-19T01:49:00Z,treatment,,,lab-synthetic-2,tal-2026-10
a-e02263,a-acct-243,,plan_created,2026-09-19T02:06:00Z,treatment,goal-incident-response,a-acct-243-proof-7d,,tal-2026-10
a-e02144,a-acct-230,a-acct-230-l1,lab_started,2026-09-19T02:18:00Z,treatment,,,lab-synthetic-3,tal-2026-10
a-e02262,a-acct-243,,goal_selected,2026-09-19T02:26:00Z,treatment,goal-incident-response,,,tal-2026-10
a-e00060,a-acct-008,a-acct-008-l1,learner_invited,2026-09-19T03:14:00Z,control,,,,tal-2026-10
a-e00426,a-acct-052,a-acct-052-l2,meaningful_lab_completed,2026-09-19T03:20:00Z,control,,,lab-synthetic-4,tal-2026-10
a-e01062,a-acct-115,a-acct-115-l2,lab_started,2026-09-19T03:36:00Z,treatment,,,lab-synthetic-6,tal-2026-10
a-e02149,a-acct-230,a-acct-230-l3,invite_accepted,2026-09-19T03:46:00Z,treatment,,,,tal-2026-10
a-e01817,a-acct-194,,evaluation_started,2026-09-19T03:50:00Z,treatment,,,,tal-2026-10
a-e02549,a-acct-272,a-acct-272-l4,lab_started,2026-09-19T04:16:00Z,treatment,,,lab-synthetic-3,tal-2026-10
a-e01818,a-acct-194,,goal_selected,2026-09-19T04:28:00Z,treatment,goal-soc-onboarding,,,tal-2026-10
a-e01058,a-acct-115,a-acct-115-l1,invite_accepted,2026-09-19T04:37:00Z,treatment,,,,tal-2026-10
a-e01455,a-acct-155,,evaluation_started,2026-09-19T04:39:00Z,treatment,,,,tal-2026-10
a-e01456,a-acct-155,,goal_selected,2026-09-19T05:04:00Z,treatment,goal-web-app-testing,,,tal-2026-10
a-e01177,a-acct-129,,evaluation_started,2026-09-19T05:09:00Z,control,,,,tal-2026-10
a-e02348,a-acct-250,a-acct-250-l5,lab_started,2026-09-19T05:12:00Z,treatment,,,lab-synthetic-1,tal-2026-10
a-e00055,a-acct-007,a-acct-007-l1,lab_started,2026-09-19T05:13:00Z,treatment,,,lab-synthetic-5,tal-2026-10
a-e01829,a-acct-194,a-acct-194-l4,learner_invited,2026-09-19T05:35:00Z,treatment,,,,tal-2026-10
a-e00178,a-acct-022,a-acct-022-l2,meaningful_lab_completed,2026-09-19T06:01:00Z,treatment,,,lab-synthetic-4,tal-2026-10
a-e00068,a-acct-008,a-acct-008-l4,invite_accepted,2026-09-19T06:13:00Z,control,,,,tal-2026-10
a-e01540,a-acct-163,a-acct-163-l2,lab_started,2026-09-19T06:23:00Z,control,,,lab-synthetic-5,tal-2026-10
a-e01819,a-acct-194,,plan_created,2026-09-19T06:43:00Z,treatment,goal-soc-onboarding,a-acct-194-proof-7d,,tal-2026-10
a-e02344,a-acct-250,a-acct-250-l4,lab_started,2026-09-19T06:52:00Z,treatment,,,lab-synthetic-4,tal-2026-10
a-e01747,a-acct-185,,evaluation_started,2026-09-19T06:56:00Z,control,,,,tal-2026-10
a-e00791,a-acct-087,a-acct-087-l1,learner_opted_out,2026-09-19T06:59:00Z,treatment,,,,tal-2026-10
a-e02268,a-acct-243,a-acct-243-l2,learner_invited,2026-09-19T07:01:00Z,treatment,,,,tal-2026-10
a-e00062,a-acct-008,a-acct-008-l2,invite_accepted,2026-09-19T07:02:00Z,control,,,,tal-2026-10
a-e00435,a-acct-052,a-acct-052-l5,meaningful_lab_completed,2026-09-19T07:06:00Z,control,,,lab-synthetic-2,tal-2026-10
a-e01652,a-acct-175,,evaluation_started,2026-09-19T07:09:00Z,treatment,,,,tal-2026-10
a-e01749,a-acct-185,a-acct-185-l1,learner_invited,2026-09-19T07:09:00Z,control,,,,tal-2026-10
a-e02660,a-acct-281,a-acct-281-l1,meaningful_lab_completed,2026-09-19T07:10:00Z,treatment,,,lab-synthetic-1,tal-2026-10
a-e02589,a-acct-275,a-acct-275-l1,learner_invited,2026-09-19T07:30:00Z,control,,,,tal-2026-10
a-e02214,a-acct-237,a-acct-237-l1,invite_accepted,2026-09-19T07:32:00Z,control,,,,tal-2026-10
a-e02541,a-acct-272,a-acct-272-l2,lab_started,2026-09-19T07:36:00Z,treatment,,,lab-synthetic-4,tal-2026-10
a-e01653,a-acct-175,,goal_selected,2026-09-19T07:41:00Z,treatment,goal-web-app-testing,,,tal-2026-10
a-e02106,a-acct-226,a-acct-226-l1,learner_invited,2026-09-19T07:57:00Z,control,,,,tal-2026-10
a-e00396,a-acct-049,a-acct-049-l3,learner_invited,2026-09-19T07:59:00Z,control,,,,tal-2026-10
a-e02152,a-acct-230,a-acct-230-l4,lab_started,2026-09-19T07:59:00Z,treatment,,,lab-synthetic-2,tal-2026-10
a-e02002,a-acct-214,a-acct-214-l2,invite_accepted,2026-09-19T08:06:00Z,control,,,,tal-2026-10
a-e00063,a-acct-008,a-acct-008-l2,lab_started,2026-09-19T08:09:00Z,control,,,lab-synthetic-3,tal-2026-10
a-e02390,a-acct-254,a-acct-254-l2,invite_accepted,2026-09-19T08:16:00Z,control,,,,tal-2026-10
a-e01588,a-acct-169,a-acct-169-l4,meaningful_lab_completed,2026-09-19T08:19:00Z,control,,,lab-synthetic-1,tal-2026-10
a-e00900,a-acct-098,,evaluation_started,2026-09-19T08:25:00Z,control,,,,tal-2026-10
a-e02588,a-acct-275,,plan_created,2026-09-19T08:25:00Z,control,,a-acct-275-generic,,tal-2026-10
a-e02542,a-acct-272,a-acct-272-l2,meaningful_lab_completed,2026-09-19T08:43:00Z,treatment,,,lab-synthetic-4,tal-2026-10
a-e00096,a-acct-013,a-acct-013-l2,learner_invited,2026-09-19T08:44:00Z,control,,,,tal-2026-10
a-e00459,a-acct-055,a-acct-055-l1,meaningful_lab_completed,2026-09-19T08:54:00Z,treatment,,,lab-synthetic-2,tal-2026-10
a-e01729,a-acct-182,a-acct-182-l2,lab_started,2026-09-19T09:01:00Z,control,,,lab-synthetic-6,tal-2026-10
a-e00835,a-acct-092,a-acct-092-l2,meaningful_lab_completed,2026-09-19T09:03:00Z,treatment,,,lab-synthetic-6,tal-2026-10
a-e02107,a-acct-226,a-acct-226-l2,learner_invited,2026-09-19T09:12:00Z,control,,,,tal-2026-10
a-e01457,a-acct-155,,plan_created,2026-09-19T09:27:00Z,treatment,goal-web-app-testing,a-acct-155-proof-7d,,tal-2026-10
a-e01748,a-acct-185,,plan_created,2026-09-19T09:48:00Z,control,,a-acct-185-generic,,tal-2026-10
a-e00392,a-acct-049,a-acct-049-l2,learner_invited,2026-09-19T09:51:00Z,control,,,,tal-2026-10
a-e01065,a-acct-115,a-acct-115-l3,invite_accepted,2026-09-19T10:20:00Z,treatment,,,,tal-2026-10
a-e01116,a-acct-123,a-acct-123-l1,learner_invited,2026-09-19T10:27:00Z,control,,,,tal-2026-10
a-e02105,a-acct-226,,plan_created,2026-09-19T10:41:00Z,control,,a-acct-226-generic,,tal-2026-10
a-e01242,a-acct-136,a-acct-136-l3,learner_invited,2026-09-19T10:52:00Z,treatment,,,,tal-2026-10
a-e02332,a-acct-250,a-acct-250-l1,lab_started,2026-09-19T10:56:00Z,treatment,,,lab-synthetic-5,tal-2026-10
a-e02593,a-acct-275,a-acct-275-l3,learner_invited,2026-09-19T11:22:00Z,control,,,,tal-2026-10
a-e02832,a-acct-300,a-acct-300-l1,meaningful_lab_completed,2026-09-19T11:27:00Z,treatment,,,lab-synthetic-6,tal-2026-10
a-e00094,a-acct-013,,plan_created,2026-09-19T11:34:00Z,control,,a-acct-013-generic,,tal-2026-10
a-e00140,a-acct-019,,evaluation_started,2026-09-19T11:51:00Z,control,,,,tal-2026-10
a-e00389,a-acct-049,a-acct-049-l1,learner_invited,2026-09-19T11:51:00Z,control,,,,tal-2026-10
a-e00813,a-acct-090,a-acct-090-l3,lab_started,2026-09-19T11:52:00Z,treatment,,,lab-synthetic-2,tal-2026-10
a-e01998,a-acct-214,a-acct-214-l1,invite_accepted,2026-09-19T12:04:00Z,control,,,,tal-2026-10
a-e02545,a-acct-272,a-acct-272-l3,lab_started,2026-09-19T12:12:00Z,treatment,,,lab-synthetic-5,tal-2026-10
a-e01464,a-acct-155,a-acct-155-l3,learner_invited,2026-09-19T12:42:00Z,treatment,,,,tal-2026-10
a-e00848,a-acct-093,,evaluation_started,2026-09-19T12:55:00Z,control,,,,tal-2026-10
a-e02264,a-acct-243,a-acct-243-l1,learner_invited,2026-09-19T12:57:00Z,treatment,,,,tal-2026-10
a-e01124,a-acct-123,a-acct-123-l4,learner_invited,2026-09-19T13:09:00Z,control,,,,tal-2026-10
a-e01236,a-acct-136,,evaluation_started,2026-09-19T13:19:00Z,treatment,,,,tal-2026-10
a-e01750,a-acct-185,a-acct-185-l1,invite_accepted,2026-09-19T13:20:00Z,control,,,,tal-2026-10
a-e01536,a-acct-163,a-acct-163-l1,lab_started,2026-09-19T13:37:00Z,control,,,lab-synthetic-4,tal-2026-10
a-e01115,a-acct-123,,plan_created,2026-09-19T13:47:00Z,control,,a-acct-123-generic,,tal-2026-10
a-e01824,a-acct-194,a-acct-194-l2,learner_invited,2026-09-19T13:54:00Z,treatment,,,,tal-2026-10
a-e01238,a-acct-136,,plan_created,2026-09-19T13:56:00Z,treatment,goal-cloud-foundations,a-acct-136-proof-7d,,tal-2026-10
a-e02414,a-acct-256,,plan_created,2026-09-19T13:59:00Z,control,,a-acct-256-generic,,tal-2026-10
a-e01600,a-acct-170,a-acct-170-l2,invite_accepted,2026-09-19T14:07:00Z,treatment,,,,tal-2026-10
a-e01237,a-acct-136,,goal_selected,2026-09-19T14:10:00Z,treatment,goal-cloud-foundations,,,tal-2026-10
a-e02767,a-acct-292,a-acct-292-l3,meaningful_lab_completed,2026-09-19T14:22:00Z,treatment,,,lab-synthetic-5,tal-2026-10
a-e01063,a-acct-115,a-acct-115-l2,meaningful_lab_completed,2026-09-19T14:24:00Z,treatment,,,lab-synthetic-6,tal-2026-10
a-e00610,a-acct-071,,evaluation_started,2026-09-19T14:40:00Z,control,,,,tal-2026-10
a-e01240,a-acct-136,a-acct-136-l2,learner_invited,2026-09-19T14:56:00Z,treatment,,,,tal-2026-10
a-e02550,a-acct-272,a-acct-272-l4,meaningful_lab_completed,2026-09-19T14:57:00Z,treatment,,,lab-synthetic-3,tal-2026-10
a-e00182,a-acct-022,a-acct-022-l3,meaningful_lab_completed,2026-09-19T15:31:00Z,treatment,,,lab-synthetic-3,tal-2026-10
a-e02153,a-acct-230,a-acct-230-l4,meaningful_lab_completed,2026-09-19T15:38:00Z,treatment,,,lab-synthetic-2,tal-2026-10
a-e02089,a-acct-224,,evaluation_started,2026-09-19T15:43:00Z,treatment,,,,tal-2026-10
a-e02147,a-acct-230,a-acct-230-l2,lab_started,2026-09-19T16:12:00Z,treatment,,,lab-synthetic-4,tal-2026-10
a-e01753,a-acct-185,a-acct-185-l3,learner_invited,2026-09-19T16:14:00Z,control,,,,tal-2026-10
a-e02091,a-acct-224,,plan_created,2026-09-19T16:17:00Z,treatment,goal-web-app-testing,a-acct-224-proof-7d,,tal-2026-10
a-e02090,a-acct-224,,goal_selected,2026-09-19T16:20:00Z,treatment,goal-web-app-testing,,,tal-2026-10
a-e01458,a-acct-155,a-acct-155-l1,learner_invited,2026-09-19T16:25:00Z,treatment,,,,tal-2026-10
a-e01820,a-acct-194,a-acct-194-l1,learner_invited,2026-09-19T16:45:00Z,treatment,,,,tal-2026-10
a-e00099,a-acct-013,a-acct-013-l3,learner_invited,2026-09-19T16:51:00Z,control,,,,tal-2026-10
a-e01178,a-acct-129,,plan_created,2026-09-19T17:16:00Z,control,,a-acct-129-generic,,tal-2026-10
a-e02271,a-acct-243,a-acct-243-l3,learner_invited,2026-09-19T17:34:00Z,treatment,,,,tal-2026-10
a-e02265,a-acct-243,a-acct-243-l1,invite_accepted,2026-09-19T18:10:00Z,treatment,,,,tal-2026-10
a-e02592,a-acct-275,a-acct-275-l2,learner_invited,2026-09-19T18:14:00Z,control,,,,tal-2026-10
a-e02272,a-acct-243,a-acct-243-l3,invite_accepted,2026-09-19T18:26:00Z,treatment,,,,tal-2026-10
a-e01601,a-acct-170,a-acct-170-l2,lab_started,2026-09-19T18:32:00Z,treatment,,,lab-synthetic-6,tal-2026-10
a-e00071,a-acct-009,,evaluation_started,2026-09-19T18:43:00Z,control,,,,tal-2026-10
a-e01833,a-acct-194,a-acct-194-l5,learner_invited,2026-09-19T19:28:00Z,treatment,,,,tal-2026-10
a-e02336,a-acct-250,a-acct-250-l2,lab_started,2026-09-19T19:45:00Z,treatment,,,lab-synthetic-3,tal-2026-10
a-e00066,a-acct-008,a-acct-008-l3,invite_accepted,2026-09-19T19:52:00Z,control,,,,tal-2026-10
a-e02035,a-acct-218,,evaluation_started,2026-09-19T19:57:00Z,treatment,,,,tal-2026-10
a-e02302,a-acct-246,a-acct-246-l4,lab_started,2026-09-19T19:57:00Z,control,,,lab-synthetic-4,tal-2026-10
a-e01597,a-acct-170,a-acct-170-l1,invite_accepted,2026-09-19T20:23:00Z,treatment,,,,tal-2026-10
a-e02036,a-acct-218,,goal_selected,2026-09-19T20:33:00Z,treatment,goal-soc-onboarding,,,tal-2026-10
a-e00077,a-acct-011,,evaluation_started,2026-09-19T21:17:00Z,control,,,,tal-2026-10
a-e01059,a-acct-115,a-acct-115-l1,lab_started,2026-09-19T21:20:00Z,treatment,,,lab-synthetic-3,tal-2026-10
a-e00266,a-acct-035,,evaluation_started,2026-09-19T21:26:00Z,treatment,,,,tal-2026-10
a-e02092,a-acct-224,a-acct-224-l1,learner_invited,2026-09-19T21:27:00Z,treatment,,,,tal-2026-10
a-e00029,a-acct-005,a-acct-005-l1,meaningful_lab_completed,2026-09-19T21:30:00Z,treatment,,,lab-synthetic-4,tal-2026-10
a-e00578,a-acct-067,,evaluation_started,2026-09-19T21:37:00Z,treatment,,,,tal-2026-10
a-e01751,a-acct-185,a-acct-185-l1,lab_started,2026-09-19T21:43:00Z,control,,,lab-synthetic-4,tal-2026-10
a-e01827,a-acct-194,a-acct-194-l3,learner_invited,2026-09-19T21:56:00Z,treatment,,,,tal-2026-10
a-e00579,a-acct-067,,goal_selected,2026-09-19T21:58:00Z,treatment,goal-incident-response,,,tal-2026-10
a-e00145,a-acct-019,a-acct-019-l2,learner_invited,2026-09-19T22:00:00Z,control,,,,tal-2026-10
a-e00267,a-acct-035,,goal_selected,2026-09-19T22:21:00Z,treatment,goal-soc-onboarding,,,tal-2026-10
a-e01225,a-acct-135,,evaluation_started,2026-09-19T22:36:00Z,treatment,,,,tal-2026-10
a-e01073,a-acct-115,a-acct-115-l5,invite_accepted,2026-09-19T22:55:00Z,treatment,,,,tal-2026-10
a-e01828,a-acct-194,a-acct-194-l3,invite_accepted,2026-09-19T23:05:00Z,treatment,,,,tal-2026-10
a-e01226,a-acct-135,,goal_selected,2026-09-19T23:13:00Z,treatment,goal-soc-onboarding,,,tal-2026-10
a-e00814,a-acct-090,a-acct-090-l3,meaningful_lab_completed,2026-09-19T23:14:00Z,treatment,,,lab-synthetic-2,tal-2026-10
a-e02417,a-acct-256,a-acct-256-l3,learner_invited,2026-09-19T23:41:00Z,control,,,,tal-2026-10
a-e00847,a-acct-092,a-acct-092-l5,meaningful_lab_completed,2026-09-20T00:17:00Z,treatment,,,lab-synthetic-3,tal-2026-10
a-e01752,a-acct-185,a-acct-185-l2,learner_invited,2026-09-20T00:21:00Z,control,,,,tal-2026-10
a-e02554,a-acct-272,a-acct-272-l5,meaningful_lab_completed,2026-09-20T00:22:00Z,treatment,,,lab-synthetic-2,tal-2026-10
a-e01681,a-acct-177,a-acct-177-l4,learner_invited,2026-09-20T00:25:00Z,treatment,,,,tal-2026-10
a-e01183,a-acct-129,a-acct-129-l2,learner_invited,2026-09-20T00:39:00Z,control,,,,tal-2026-10
a-e01123,a-acct-123,a-acct-123-l3,learner_invited,2026-09-20T00:40:00Z,control,,,,tal-2026-10
a-e00430,a-acct-052,a-acct-052-l3,meaningful_lab_completed,2026-09-20T01:13:00Z,control,,,lab-synthetic-2,tal-2026-10
a-e01666,a-acct-177,,evaluation_started,2026-09-20T01:20:00Z,treatment,,,,tal-2026-10
a-e02037,a-acct-218,,plan_created,2026-09-20T01:35:00Z,treatment,goal-soc-onboarding,a-acct-218-proof-7d,,tal-2026-10
a-e02418,a-acct-256,a-acct-256-l4,learner_invited,2026-09-20T01:45:00Z,control,,,,tal-2026-10
a-e01462,a-acct-155,a-acct-155-l2,learner_invited,2026-09-20T01:50:00Z,treatment,,,,tal-2026-10
a-e02820,a-acct-299,,evaluation_started,2026-09-20T01:57:00Z,control,,,,tal-2026-10
a-e01667,a-acct-177,,goal_selected,2026-09-20T02:01:00Z,treatment,goal-cloud-foundations,,,tal-2026-10
a-e01668,a-acct-177,,plan_created,2026-09-20T02:10:00Z,treatment,goal-cloud-foundations,a-acct-177-proof-7d,,tal-2026-10
a-e01069,a-acct-115,a-acct-115-l4,invite_accepted,2026-09-20T02:11:00Z,treatment,,,,tal-2026-10
a-e00580,a-acct-067,,plan_created,2026-09-20T02:29:00Z,treatment,goal-incident-response,a-acct-067-proof-7d,,tal-2026-10
a-e01552,a-acct-166,,evaluation_started,2026-09-20T02:31:00Z,control,,,,tal-2026-10
a-e01244,a-acct-136,a-acct-136-l4,learner_invited,2026-09-20T02:35:00Z,treatment,,,,tal-2026-10
a-e02822,a-acct-299,a-acct-299-l1,learner_invited,2026-09-20T02:46:00Z,control,,,,tal-2026-10
a-e00504,a-acct-059,,evaluation_started,2026-09-20T02:47:00Z,treatment,,,,tal-2026-10
a-e00505,a-acct-059,,goal_selected,2026-09-20T02:54:00Z,treatment,goal-web-app-testing,,,tal-2026-10
a-e01208,a-acct-131,a-acct-131-l1,learner_invited,2026-09-07T20:34:00Z,treatment,,,,tal-2026-10
a-e02093,a-acct-224,a-acct-224-l2,learner_invited,2026-09-20T03:18:00Z,treatment,,,,tal-2026-10
a-e02043,a-acct-218,a-acct-218-l3,learner_invited,2026-09-20T03:31:00Z,treatment,,,,tal-2026-10
a-e01234,a-acct-135,a-acct-135-l4,learner_invited,2026-09-20T03:35:00Z,treatment,,,,tal-2026-10
a-e00397,a-acct-049,a-acct-049-l3,invite_accepted,2026-09-20T04:05:00Z,control,,,,tal-2026-10
a-e01821,a-acct-194,a-acct-194-l1,invite_accepted,2026-09-20T04:06:00Z,treatment,,,,tal-2026-10
a-e02823,a-acct-299,a-acct-299-l1,invite_accepted,2026-09-20T04:13:00Z,control,,,,tal-2026-10
a-e00273,a-acct-035,a-acct-035-l3,learner_invited,2026-09-20T04:21:00Z,treatment,,,,tal-2026-10
a-e01227,a-acct-135,,plan_created,2026-09-20T04:41:00Z,treatment,goal-soc-onboarding,a-acct-135-proof-7d,,tal-2026-10
a-e02821,a-acct-299,,plan_created,2026-09-20T04:54:00Z,control,,a-acct-299-generic,,tal-2026-10
a-e01215,a-acct-134,,evaluation_started,2026-09-20T05:55:00Z,control,,,,tal-2026-10
a-e00275,a-acct-035,a-acct-035-l4,learner_invited,2026-09-20T06:00:00Z,treatment,,,,tal-2026-10
a-e01677,a-acct-177,a-acct-177-l3,learner_invited,2026-09-20T06:00:00Z,treatment,,,,tal-2026-10
a-e00276,a-acct-035,a-acct-035-l5,learner_invited,2026-09-20T06:01:00Z,treatment,,,,tal-2026-10
a-e00097,a-acct-013,a-acct-013-l2,invite_accepted,2026-09-20T06:06:00Z,control,,,,tal-2026-10
a-e01179,a-acct-129,a-acct-129-l1,learner_invited,2026-09-20T06:25:00Z,control,,,,tal-2026-10
a-e01682,a-acct-177,a-acct-177-l4,invite_accepted,2026-09-20T06:39:00Z,treatment,,,,tal-2026-10
a-e02415,a-acct-256,a-acct-256-l1,learner_invited,2026-09-20T06:39:00Z,control,,,,tal-2026-10
a-e01754,a-acct-185,a-acct-185-l3,invite_accepted,2026-09-20T06:52:00Z,control,,,,tal-2026-10
a-e00507,a-acct-059,a-acct-059-l1,learner_invited,2026-09-20T06:53:00Z,treatment,,,,tal-2026-10
a-e02416,a-acct-256,a-acct-256-l2,learner_invited,2026-09-20T06:54:00Z,control,,,,tal-2026-10
a-e00095,a-acct-013,a-acct-013-l1,learner_invited,2026-09-20T06:55:00Z,control,,,,tal-2026-10
a-e01117,a-acct-123,a-acct-123-l1,invite_accepted,2026-09-20T07:09:00Z,control,,,,tal-2026-10
a-e01920,a-acct-203,a-acct-203-l2,meaningful_lab_completed,2026-09-20T07:21:00Z,treatment,,,lab-synthetic-1,tal-2026-10
a-e02174,a-acct-234,a-acct-234-l1,meaningful_lab_completed,2026-09-20T07:32:00Z,treatment,,,lab-synthetic-2,tal-2026-10
a-e01338,a-acct-142,a-acct-142-l5,meaningful_lab_completed,2026-09-20T07:54:00Z,control,,,lab-synthetic-4,tal-2026-10
a-e01191,a-acct-129,a-acct-129-l4,learner_invited,2026-09-20T07:56:00Z,control,,,,tal-2026-10
a-e02307,a-acct-246,a-acct-246-l5,meaningful_lab_completed,2026-09-20T07:56:00Z,control,,,lab-synthetic-1,tal-2026-10
a-e01120,a-acct-123,a-acct-123-l2,learner_invited,2026-09-20T08:20:00Z,control,,,,tal-2026-10
a-e01239,a-acct-136,a-acct-136-l1,learner_invited,2026-09-20T08:28:00Z,treatment,,,,tal-2026-10
a-e01999,a-acct-214,a-acct-214-l1,lab_started,2026-09-20T08:32:00Z,control,,,lab-synthetic-5,tal-2026-10
a-e00588,a-acct-068,,evaluation_started,2026-09-20T08:48:00Z,control,,,,tal-2026-10
a-e00506,a-acct-059,,plan_created,2026-09-20T08:54:00Z,treatment,goal-web-app-testing,a-acct-059-proof-7d,,tal-2026-10
a-e01459,a-acct-155,a-acct-155-l1,invite_accepted,2026-09-20T09:15:00Z,treatment,,,,tal-2026-10
a-e02269,a-acct-243,a-acct-243-l2,invite_accepted,2026-09-20T09:20:00Z,treatment,,,,tal-2026-10
a-e01822,a-acct-194,a-acct-194-l1,lab_started,2026-09-20T09:22:00Z,treatment,,,lab-synthetic-1,tal-2026-10
a-e01299,a-acct-140,a-acct-140-l2,meaningful_lab_completed,2026-09-10T01:21:00Z,control,,,lab-synthetic-4,tal-2026-10
a-e01187,a-acct-129,a-acct-129-l3,learner_invited,2026-09-20T09:55:00Z,control,,,,tal-2026-10
a-e02015,a-acct-216,a-acct-216-l2,invite_accepted,2026-09-07T13:58:00Z,control,,,,tal-2026-10
a-e00584,a-acct-067,a-acct-067-l2,learner_invited,2026-09-20T10:08:00Z,treatment,,,,tal-2026-10
a-e01654,a-acct-175,a-acct-175-l1,learner_invited,2026-09-20T10:33:00Z,treatment,,,,tal-2026-10
a-e01825,a-acct-194,a-acct-194-l2,invite_accepted,2026-09-20T10:33:00Z,treatment,,,,tal-2026-10
a-e01598,a-acct-170,a-acct-170-l1,lab_started,2026-09-20T10:50:00Z,treatment,,,lab-synthetic-3,tal-2026-10
a-e01834,a-acct-194,a-acct-194-l5,invite_accepted,2026-09-20T11:11:00Z,treatment,,,,tal-2026-10
a-e02333,a-acct-250,a-acct-250-l1,meaningful_lab_completed,2026-09-20T11:19:00Z,treatment,,,lab-synthetic-5,tal-2026-10
a-e01669,a-acct-177,a-acct-177-l1,learner_invited,2026-09-20T11:20:00Z,treatment,,,,tal-2026-10
a-e00080,a-acct-011,a-acct-011-l2,learner_invited,2026-09-20T11:28:00Z,control,,,,tal-2026-10
a-e00581,a-acct-067,a-acct-067-l1,learner_invited,2026-09-20T11:30:00Z,treatment,,,,tal-2026-10
a-e00905,a-acct-098,a-acct-098-l2,learner_invited,2026-09-20T12:00:00Z,control,,,,tal-2026-10
a-e01823,a-acct-194,a-acct-194-l1,meaningful_lab_completed,2026-09-20T12:04:00Z,treatment,,,lab-synthetic-1,tal-2026-10
a-e00612,a-acct-071,a-acct-071-l1,learner_invited,2026-09-20T12:08:00Z,control,,,,tal-2026-10
a-e01658,a-acct-176,,goal_selected,2026-09-09T04:35:00Z,treatment,goal-incident-response,,,tal-2026-10
a-e00611,a-acct-071,,plan_created,2026-09-20T12:58:00Z,control,,a-acct-071-generic,,tal-2026-10
a-e00270,a-acct-035,a-acct-035-l2,learner_invited,2026-09-20T13:02:00Z,treatment,,,,tal-2026-10
a-e00078,a-acct-011,,plan_created,2026-09-20T13:05:00Z,control,,a-acct-011-generic,,tal-2026-10
a-e00269,a-acct-035,a-acct-035-l1,learner_invited,2026-09-20T13:06:00Z,treatment,,,,tal-2026-10
a-e00141,a-acct-019,a-acct-019-l1,learner_invited,2026-09-20T13:16:00Z,control,,,,tal-2026-10
a-e00274,a-acct-035,a-acct-035-l3,invite_accepted,2026-09-20T13:23:00Z,treatment,,,,tal-2026-10
a-e01463,a-acct-155,a-acct-155-l2,invite_accepted,2026-09-20T13:23:00Z,treatment,,,,tal-2026-10
a-e00901,a-acct-098,,plan_created,2026-09-20T14:07:00Z,control,,a-acct-098-generic,,tal-2026-10
a-e01830,a-acct-194,a-acct-194-l4,invite_accepted,2026-09-20T14:33:00Z,treatment,,,,tal-2026-10
a-e01228,a-acct-135,a-acct-135-l1,learner_invited,2026-09-20T14:39:00Z,treatment,,,,tal-2026-10
a-e00183,a-acct-023,,evaluation_started,2026-09-20T14:48:00Z,control,,,,tal-2026-10
a-e00258,a-acct-034,,evaluation_started,2026-09-20T15:21:00Z,control,,,,tal-2026-10
a-e02094,a-acct-224,a-acct-224-l2,learner_opted_out,2026-09-20T15:23:00Z,treatment,,,,tal-2026-10
a-e00616,a-acct-071,a-acct-071-l2,learner_invited,2026-09-20T15:43:00Z,control,,,,tal-2026-10
a-e01229,a-acct-135,a-acct-135-l2,learner_invited,2026-09-20T15:47:00Z,treatment,,,,tal-2026-10
a-e00589,a-acct-068,,plan_created,2026-09-20T16:01:00Z,control,,a-acct-068-generic,,tal-2026-10
a-e02047,a-acct-218,a-acct-218-l4,learner_invited,2026-09-20T16:05:00Z,treatment,,,,tal-2026-10
a-e02391,a-acct-254,a-acct-254-l2,lab_started,2026-09-20T16:06:00Z,control,,,lab-synthetic-3,tal-2026-10
a-e01074,a-acct-115,a-acct-115-l5,lab_started,2026-09-20T16:15:00Z,treatment,,,lab-synthetic-3,tal-2026-10
a-e02825,a-acct-299,a-acct-299-l2,learner_invited,2026-09-20T16:20:00Z,control,,,,tal-2026-10
a-e02038,a-acct-218,a-acct-218-l1,learner_invited,2026-09-20T16:44:00Z,treatment,,,,tal-2026-10
a-e01216,a-acct-134,,plan_created,2026-09-20T16:49:00Z,control,,a-acct-134-generic,,tal-2026-10
a-e01739,a-acct-184,,evaluation_started,2026-09-20T16:49:00Z,treatment,,,,tal-2026-10
a-e02266,a-acct-243,a-acct-243-l1,lab_started,2026-09-20T16:49:00Z,treatment,,,lab-synthetic-2,tal-2026-10
a-e00916,a-acct-099,,evaluation_started,2026-09-20T16:53:00Z,control,,,,tal-2026-10
a-e02303,a-acct-246,a-acct-246-l4,meaningful_lab_completed,2026-09-20T16:59:00Z,control,,,lab-synthetic-4,tal-2026-10
a-e01835,a-acct-194,a-acct-194-l5,lab_started,2026-09-20T17:01:00Z,treatment,,,lab-synthetic-2,tal-2026-10
a-e01740,a-acct-184,,goal_selected,2026-09-20T17:03:00Z,treatment,goal-incident-response,,,tal-2026-10
a-e01472,a-acct-156,a-acct-156-l2,learner_invited,2026-09-09T01:55:00Z,treatment,,,,tal-2026-10
a-e02039,a-acct-218,a-acct-218-l2,learner_invited,2026-09-20T17:42:00Z,treatment,,,,tal-2026-10
a-e00585,a-acct-067,a-acct-067-l2,invite_accepted,2026-09-20T18:03:00Z,treatment,,,,tal-2026-10
a-e01685,a-acct-177,a-acct-177-l5,learner_invited,2026-09-20T18:03:00Z,treatment,,,,tal-2026-10
a-e01389,a-acct-146,a-acct-146-l4,meaningful_lab_completed,2026-09-20T18:05:00Z,control,,,lab-synthetic-3,tal-2026-10
a-e00390,a-acct-049,a-acct-049-l1,invite_accepted,2026-09-20T18:08:00Z,control,,,,tal-2026-10
a-e02590,a-acct-275,a-acct-275-l1,invite_accepted,2026-09-20T18:16:00Z,control,,,,tal-2026-10
a-e01188,a-acct-129,a-acct-129-l3,invite_accepted,2026-09-20T18:39:00Z,control,,,,tal-2026-10
a-e01184,a-acct-129,a-acct-129-l2,invite_accepted,2026-09-20T18:48:00Z,control,,,,tal-2026-10
a-e01217,a-acct-134,a-acct-134-l1,learner_invited,2026-09-20T18:49:00Z,control,,,,tal-2026-10
a-e01673,a-acct-177,a-acct-177-l2,learner_invited,2026-09-20T18:55:00Z,treatment,,,,tal-2026-10
a-e00586,a-acct-067,a-acct-067-l2,lab_started,2026-09-20T19:01:00Z,treatment,,,lab-synthetic-4,tal-2026-10
a-e01118,a-acct-123,a-acct-123-l1,lab_started,2026-09-20T19:30:00Z,control,,,lab-synthetic-1,tal-2026-10
a-e01893,a-acct-202,,evaluation_started,2026-09-20T19:52:00Z,control,,,,tal-2026-10
a-e01743,a-acct-184,a-acct-184-l2,learner_invited,2026-09-20T20:09:00Z,treatment,,,,tal-2026-10
a-e00391,a-acct-049,a-acct-049-l1,lab_started,2026-09-20T20:17:00Z,control,,,lab-synthetic-2,tal-2026-10
a-e01221,a-acct-134,a-acct-134-l2,learner_invited,2026-09-20T20:17:00Z,control,,,,tal-2026-10
a-e01553,a-acct-166,,plan_created,2026-09-20T20:27:00Z,control,,a-acct-166-generic,,tal-2026-10
a-e00398,a-acct-049,a-acct-049-l3,lab_started,2026-09-20T20:39:00Z,control,,,lab-synthetic-6,tal-2026-10
a-e01066,a-acct-115,a-acct-115-l3,lab_started,2026-09-20T21:02:00Z,treatment,,,lab-synthetic-2,tal-2026-10
a-e01554,a-acct-166,a-acct-166-l1,learner_invited,2026-09-20T21:06:00Z,control,,,,tal-2026-10
a-e01241,a-acct-136,a-acct-136-l2,invite_accepted,2026-09-20T21:10:00Z,treatment,,,,tal-2026-10
a-e02341,a-acct-250,a-acct-250-l3,meaningful_lab_completed,2026-09-20T21:10:00Z,treatment,,,lab-synthetic-5,tal-2026-10
a-e00510,a-acct-059,a-acct-059-l2,learner_invited,2026-09-20T21:18:00Z,treatment,,,,tal-2026-10
a-e00393,a-acct-049,a-acct-049-l2,invite_accepted,2026-09-20T21:37:00Z,control,,,,tal-2026-10
a-e01230,a-acct-135,a-acct-135-l3,learner_invited,2026-09-20T21:38:00Z,treatment,,,,tal-2026-10
a-e00271,a-acct-035,a-acct-035-l2,invite_accepted,2026-09-20T22:00:00Z,treatment,,,,tal-2026-10
a-e01678,a-acct-177,a-acct-177-l3,invite_accepted,2026-09-20T22:01:00Z,treatment,,,,tal-2026-10
a-e01602,a-acct-170,a-acct-170-l2,meaningful_lab_completed,2026-09-20T22:11:00Z,treatment,,,lab-synthetic-6,tal-2026-10
a-e01826,a-acct-194,a-acct-194-l2,lab_started,2026-09-20T22:29:00Z,treatment,,,lab-synthetic-4,tal-2026-10
a-e02048,a-acct-218,a-acct-218-l4,invite_accepted,2026-09-20T22:40:00Z,treatment,,,,tal-2026-10
a-e02108,a-acct-226,a-acct-226-l2,invite_accepted,2026-09-20T23:04:00Z,control,,,,tal-2026-10
a-e01185,a-acct-129,a-acct-129-l2,lab_started,2026-09-20T23:56:00Z,control,,,lab-synthetic-4,tal-2026-10
a-e01683,a-acct-177,a-acct-177-l4,lab_started,2026-09-21T00:02:00Z,treatment,,,lab-synthetic-2,tal-2026-10
a-e00079,a-acct-011,a-acct-011-l1,learner_invited,2026-09-21T00:15:00Z,control,,,,tal-2026-10
a-e02080,a-acct-223,,evaluation_started,2026-09-21T00:36:00Z,control,,,,tal-2026-10
a-e00997,a-acct-111,,evaluation_started,2026-09-21T01:03:00Z,treatment,,,,tal-2026-10
a-e01656,a-acct-175,a-acct-175-l2,learner_invited,2026-09-21T01:29:00Z,treatment,,,,tal-2026-10
a-e00998,a-acct-111,,goal_selected,2026-09-21T01:38:00Z,treatment,goal-soc-onboarding,,,tal-2026-10
a-e00191,a-acct-025,,evaluation_started,2026-09-21T01:43:00Z,control,,,,tal-2026-10
a-e02591,a-acct-275,a-acct-275-l1,lab_started,2026-09-21T01:45:00Z,control,,,lab-synthetic-3,tal-2026-10
a-e00590,a-acct-068,a-acct-068-l1,learner_invited,2026-09-21T02:01:00Z,control,,,,tal-2026-10
a-e02546,a-acct-272,a-acct-272-l3,meaningful_lab_completed,2026-09-21T02:16:00Z,treatment,,,lab-synthetic-5,tal-2026-10
a-e02270,a-acct-243,a-acct-243-l2,lab_started,2026-09-21T02:27:00Z,treatment,,,lab-synthetic-6,tal-2026-10
a-e01235,a-acct-135,a-acct-135-l4,invite_accepted,2026-09-21T03:02:00Z,treatment,,,,tal-2026-10
a-e01674,a-acct-177,a-acct-177-l2,invite_accepted,2026-09-21T03:07:00Z,treatment,,,,tal-2026-10
a-e00906,a-acct-098,a-acct-098-l2,invite_accepted,2026-09-21T03:10:00Z,control,,,,tal-2026-10
a-e01465,a-acct-155,a-acct-155-l3,invite_accepted,2026-09-21T03:11:00Z,treatment,,,,tal-2026-10
a-e00999,a-acct-111,,plan_created,2026-09-21T03:15:00Z,treatment,goal-soc-onboarding,a-acct-111-proof-7d,,tal-2026-10
a-e02345,a-acct-250,a-acct-250-l4,meaningful_lab_completed,2026-09-21T03:21:00Z,treatment,,,lab-synthetic-4,tal-2026-10
a-e02702,a-acct-285,,evaluation_started,2026-09-21T03:55:00Z,treatment,,,,tal-2026-10
a-e00613,a-acct-071,a-acct-071-l1,invite_accepted,2026-09-21T04:07:00Z,control,,,,tal-2026-10
a-e00367,a-acct-046,,evaluation_started,2026-09-21T04:23:00Z,control,,,,tal-2026-10
a-e00912,a-acct-098,a-acct-098-l4,learner_invited,2026-09-21T04:33:00Z,control,,,,tal-2026-10
a-e00902,a-acct-098,a-acct-098-l1,learner_invited,2026-09-21T04:48:00Z,control,,,,tal-2026-10
a-e01756,a-acct-186,,goal_selected,2026-09-13T02:19:00Z,treatment,goal-incident-response,,,tal-2026-10
a-e02703,a-acct-285,,goal_selected,2026-09-21T04:51:00Z,treatment,goal-soc-onboarding,,,tal-2026-10
a-e00908,a-acct-098,a-acct-098-l3,learner_invited,2026-09-21T05:09:00Z,control,,,,tal-2026-10
a-e01186,a-acct-129,a-acct-129-l2,meaningful_lab_completed,2026-09-21T05:17:00Z,control,,,lab-synthetic-4,tal-2026-10
a-e00149,a-acct-019,a-acct-019-l4,learner_invited,2026-09-21T05:39:00Z,control,,,,tal-2026-10
a-e02704,a-acct-285,,plan_created,2026-09-21T06:04:00Z,treatment,goal-soc-onboarding,a-acct-285-proof-7d,,tal-2026-10
a-e01121,a-acct-123,a-acct-123-l2,invite_accepted,2026-09-21T06:16:00Z,control,,,,tal-2026-10
a-e02337,a-acct-250,a-acct-250-l2,meaningful_lab_completed,2026-09-21T06:38:00Z,treatment,,,lab-synthetic-3,tal-2026-10
a-e02555,a-acct-273,,evaluation_started,2026-09-21T06:58:00Z,treatment,,,,tal-2026-10
a-e01000,a-acct-111,a-acct-111-l1,learner_invited,2026-09-21T07:01:00Z,treatment,,,,tal-2026-10
a-e01557,a-acct-166,a-acct-166-l3,learner_invited,2026-09-21T07:04:00Z,control,,,,tal-2026-10
a-e01858,a-acct-197,a-acct-197-l1,invite_accepted,2026-09-09T17:48:00Z,control,,,,tal-2026-10
a-e01004,a-acct-111,a-acct-111-l2,learner_invited,2026-09-21T07:23:00Z,treatment,,,,tal-2026-10
a-e00922,a-acct-099,a-acct-099-l5,learner_invited,2026-09-21T07:37:00Z,control,,,,tal-2026-10
a-e01555,a-acct-166,a-acct-166-l2,learner_invited,2026-09-21T07:41:00Z,control,,,,tal-2026-10
a-e02556,a-acct-273,,goal_selected,2026-09-21T08:03:00Z,treatment,goal-incident-response,,,tal-2026-10
a-e01580,a-acct-169,a-acct-169-l2,meaningful_lab_completed,2026-09-21T08:07:00Z,control,,,lab-synthetic-5,tal-2026-10
a-e00920,a-acct-099,a-acct-099-l4,learner_invited,2026-09-21T08:20:00Z,control,,,,tal-2026-10
a-e01173,a-acct-128,a-acct-128-l2,learner_invited,2026-09-21T08:24:00Z,treatment,,,,tal-2026-10
a-e01169,a-acct-128,,evaluation_started,2026-09-21T08:29:00Z,treatment,,,,tal-2026-10
a-e01222,a-acct-134,a-acct-134-l2,invite_accepted,2026-09-21T08:47:00Z,control,,,,tal-2026-10
a-e00081,a-acct-011,a-acct-011-l2,invite_accepted,2026-09-21T08:55:00Z,control,,,,tal-2026-10
a-e01170,a-acct-128,,goal_selected,2026-09-21T09:30:00Z,treatment,goal-web-app-testing,,,tal-2026-10
a-e01741,a-acct-184,a-acct-184-l1,learner_invited,2026-09-21T09:30:00Z,treatment,,,,tal-2026-10
a-e01171,a-acct-128,,plan_created,2026-09-21T10:13:00Z,treatment,goal-web-app-testing,a-acct-128-proof-7d,,tal-2026-10
a-e01670,a-acct-177,a-acct-177-l1,invite_accepted,2026-09-21T10:15:00Z,treatment,,,,tal-2026-10
a-e01744,a-acct-184,a-acct-184-l3,learner_invited,2026-09-21T10:22:00Z,treatment,,,,tal-2026-10
a-e00593,a-acct-068,a-acct-068-l2,learner_invited,2026-09-21T10:25:00Z,control,,,,tal-2026-10
a-e00272,a-acct-035,a-acct-035-l2,lab_started,2026-09-21T10:35:00Z,treatment,,,lab-synthetic-6,tal-2026-10
a-e01245,a-acct-136,a-acct-136-l4,invite_accepted,2026-09-21T10:36:00Z,treatment,,,,tal-2026-10
a-e02349,a-acct-250,a-acct-250-l5,meaningful_lab_completed,2026-09-21T11:20:00Z,treatment,,,lab-synthetic-1,tal-2026-10
a-e00594,a-acct-068,a-acct-068-l3,learner_invited,2026-09-21T11:42:00Z,control,,,,tal-2026-10
a-e01686,a-acct-177,a-acct-177-l5,invite_accepted,2026-09-21T11:45:00Z,treatment,,,,tal-2026-10
a-e01831,a-acct-194,a-acct-194-l4,lab_started,2026-09-21T11:49:00Z,treatment,,,lab-synthetic-3,tal-2026-10
a-e00917,a-acct-099,a-acct-099-l1,learner_invited,2026-09-21T12:06:00Z,control,,,,tal-2026-10
a-e00326,a-acct-041,,evaluation_started,2026-09-21T12:08:00Z,treatment,,,,tal-2026-10
a-e00193,a-acct-025,a-acct-025-l1,learner_invited,2026-09-21T12:28:00Z,control,,,,tal-2026-10
a-e01429,a-acct-152,,evaluation_started,2026-09-21T12:39:00Z,treatment,,,,tal-2026-10
a-e01031,a-acct-114,,evaluation_started,2026-09-21T12:42:00Z,treatment,,,,tal-2026-10
a-e02557,a-acct-273,,plan_created,2026-09-21T12:43:00Z,treatment,goal-incident-response,a-acct-273-proof-7d,,tal-2026-10
a-e00327,a-acct-041,,goal_selected,2026-09-21T12:44:00Z,treatment,goal-incident-response,,,tal-2026-10
a-e02044,a-acct-218,a-acct-218-l3,invite_accepted,2026-09-21T12:53:00Z,treatment,,,,tal-2026-10
a-e01460,a-acct-155,a-acct-155-l1,lab_started,2026-09-21T13:02:00Z,treatment,,,lab-synthetic-1,tal-2026-10
a-e01466,a-acct-155,a-acct-155-l3,lab_started,2026-09-21T13:04:00Z,treatment,,,lab-synthetic-1,tal-2026-10
a-e02567,a-acct-273,a-acct-273-l5,learner_invited,2026-09-21T13:04:00Z,treatment,,,,tal-2026-10
a-e01032,a-acct-114,,goal_selected,2026-09-21T13:08:00Z,treatment,goal-soc-onboarding,,,tal-2026-10
a-e00339,a-acct-042,a-acct-042-l3,learner_invited,2026-09-21T13:24:00Z,treatment,,,,tal-2026-10
a-e02563,a-acct-273,a-acct-273-l3,learner_invited,2026-09-21T13:30:00Z,treatment,,,,tal-2026-10
a-e02710,a-acct-285,a-acct-285-l3,learner_invited,2026-09-21T13:38:00Z,treatment,,,,tal-2026-10
a-e01430,a-acct-152,,goal_selected,2026-09-21T13:41:00Z,treatment,goal-soc-onboarding,,,tal-2026-10
a-e00192,a-acct-025,,plan_created,2026-09-21T13:43:00Z,control,,a-acct-025-generic,,tal-2026-10
a-e02419,a-acct-256,a-acct-256-l4,invite_accepted,2026-09-21T13:46:00Z,control,,,,tal-2026-10
a-e00260,a-acct-034,a-acct-034-l1,learner_invited,2026-09-21T14:06:00Z,control,,,,tal-2026-10
a-e02709,a-acct-285,a-acct-285-l2,learner_invited,2026-09-21T14:12:00Z,treatment,,,,tal-2026-10
a-e01070,a-acct-115,a-acct-115-l4,lab_started,2026-09-21T14:13:00Z,treatment,,,lab-synthetic-6,tal-2026-10
a-e02376,a-acct-253,,evaluation_started,2026-09-21T14:18:00Z,treatment,,,,tal-2026-10
a-e00332,a-acct-042,,evaluation_started,2026-09-21T14:21:00Z,treatment,,,,tal-2026-10
a-e00328,a-acct-041,,plan_created,2026-09-21T14:38:00Z,treatment,goal-incident-response,a-acct-041-proof-7d,,tal-2026-10
a-e01431,a-acct-152,,plan_created,2026-09-21T14:45:00Z,treatment,goal-soc-onboarding,a-acct-152-proof-7d,,tal-2026-10
a-e02705,a-acct-285,a-acct-285-l1,learner_invited,2026-09-21T14:45:00Z,treatment,,,,tal-2026-10
a-e00056,a-acct-007,a-acct-007-l1,meaningful_lab_completed,2026-09-21T14:53:00Z,treatment,,,lab-synthetic-5,tal-2026-10
a-e02377,a-acct-253,,goal_selected,2026-09-21T14:54:00Z,treatment,goal-cloud-foundations,,,tal-2026-10
a-e00259,a-acct-034,,plan_created,2026-09-21T15:00:00Z,control,,a-acct-034-generic,,tal-2026-10
a-e00333,a-acct-042,,goal_selected,2026-09-21T15:06:00Z,treatment,goal-incident-response,,,tal-2026-10
a-e01038,a-acct-114,a-acct-114-l2,learner_invited,2026-09-21T15:07:00Z,treatment,,,,tal-2026-10
a-e00142,a-acct-019,a-acct-019-l1,invite_accepted,2026-09-21T15:12:00Z,control,,,,tal-2026-10
a-e02602,a-acct-277,,evaluation_started,2026-09-21T15:17:00Z,treatment,,,,tal-2026-10
a-e00923,a-acct-099,a-acct-099-l5,invite_accepted,2026-09-21T15:42:00Z,control,,,,tal-2026-10
a-e00334,a-acct-042,,plan_created,2026-09-21T16:10:00Z,treatment,goal-incident-response,a-acct-042-proof-7d,,tal-2026-10
a-e01006,a-acct-111,a-acct-111-l3,learner_invited,2026-09-21T16:23:00Z,treatment,,,,tal-2026-10
a-e02603,a-acct-277,,goal_selected,2026-09-21T16:23:00Z,treatment,goal-soc-onboarding,,,tal-2026-10
a-e01836,a-acct-194,a-acct-194-l5,meaningful_lab_completed,2026-09-21T16:45:00Z,treatment,,,lab-synthetic-2,tal-2026-10
a-e01708,a-acct-181,,evaluation_started,2026-09-21T17:00:00Z,treatment,,,,tal-2026-10
a-e02604,a-acct-277,,plan_created,2026-09-21T17:14:00Z,treatment,goal-soc-onboarding,a-acct-277-proof-7d,,tal-2026-10
a-e01709,a-acct-181,,goal_selected,2026-09-21T17:34:00Z,treatment,goal-web-app-testing,,,tal-2026-10
a-e00511,a-acct-059,a-acct-059-l2,invite_accepted,2026-09-21T17:37:00Z,treatment,,,,tal-2026-10
a-e00394,a-acct-049,a-acct-049-l2,lab_started,2026-09-21T17:42:00Z,control,,,lab-synthetic-3,tal-2026-10
a-e01033,a-acct-114,,plan_created,2026-09-21T18:25:00Z,treatment,goal-soc-onboarding,a-acct-114-proof-7d,,tal-2026-10
a-e01742,a-acct-184,a-acct-184-l1,invite_accepted,2026-09-21T18:53:00Z,treatment,,,,tal-2026-10
a-e00262,a-acct-034,a-acct-034-l3,learner_invited,2026-09-21T18:56:00Z,control,,,,tal-2026-10
a-e02086,a-acct-223,a-acct-223-l5,learner_invited,2026-09-21T18:58:00Z,control,,,,tal-2026-10
a-e00338,a-acct-042,a-acct-042-l2,learner_invited,2026-09-21T18:59:00Z,treatment,,,,tal-2026-10
a-e01180,a-acct-129,a-acct-129-l1,invite_accepted,2026-09-21T19:04:00Z,control,,,,tal-2026-10
a-e02378,a-acct-253,,plan_created,2026-09-21T19:14:00Z,treatment,goal-cloud-foundations,a-acct-253-proof-7d,,tal-2026-10
a-e02084,a-acct-223,a-acct-223-l3,learner_invited,2026-09-21T19:29:00Z,control,,,,tal-2026-10
a-e01894,a-acct-202,,plan_created,2026-09-21T19:37:00Z,control,,a-acct-202-generic,,tal-2026-10
a-e02568,a-acct-273,a-acct-273-l5,invite_accepted,2026-09-21T19:53:00Z,treatment,,,,tal-2026-10
a-e01907,a-acct-202,a-acct-202-l4,learner_invited,2026-09-21T19:54:00Z,control,,,,tal-2026-10
a-e01034,a-acct-114,a-acct-114-l1,learner_invited,2026-09-21T19:57:00Z,treatment,,,,tal-2026-10
a-e01730,a-acct-182,a-acct-182-l2,meaningful_lab_completed,2026-09-21T20:26:00Z,control,,,lab-synthetic-6,tal-2026-10
a-e01710,a-acct-181,,plan_created,2026-09-21T20:31:00Z,treatment,goal-web-app-testing,a-acct-181-proof-7d,,tal-2026-10
a-e00331,a-acct-041,a-acct-041-l3,learner_invited,2026-09-21T20:37:00Z,treatment,,,,tal-2026-10
a-e01282,a-acct-139,,goal_selected,2026-09-14T20:23:00Z,treatment,goal-cloud-foundations,,,tal-2026-10
a-e00139,a-acct-018,,evaluation_started,2026-09-21T21:04:00Z,control,,,,tal-2026-10
a-e00918,a-acct-099,a-acct-099-l2,learner_invited,2026-09-21T21:08:00Z,control,,,,tal-2026-10
a-e02081,a-acct-223,,plan_created,2026-09-21T21:24:00Z,control,,a-acct-223-generic,,tal-2026-10
a-e00508,a-acct-059,a-acct-059-l1,invite_accepted,2026-09-21T21:28:00Z,treatment,,,,tal-2026-10
a-e01655,a-acct-175,a-acct-175-l1,invite_accepted,2026-09-21T21:31:00Z,treatment,,,,tal-2026-10
a-e01174,a-acct-128,a-acct-128-l3,learner_invited,2026-09-21T21:43:00Z,treatment,,,,tal-2026-10
a-e02267,a-acct-243,a-acct-243-l1,meaningful_lab_completed,2026-09-21T21:50:00Z,treatment,,,lab-synthetic-2,tal-2026-10
a-e01042,a-acct-114,a-acct-114-l3,learner_invited,2026-09-21T21:58:00Z,treatment,,,,tal-2026-10
a-e00919,a-acct-099,a-acct-099-l3,learner_invited,2026-09-21T22:05:00Z,control,,,,tal-2026-10
a-e01218,a-acct-134,a-acct-134-l1,invite_accepted,2026-09-21T22:12:00Z,control,,,,tal-2026-10
a-e02000,a-acct-214,a-acct-214-l1,meaningful_lab_completed,2026-09-21T22:19:00Z,control,,,lab-synthetic-5,tal-2026-10
a-e00302,a-acct-039,,evaluation_started,2026-09-21T22:20:00Z,control,,,,tal-2026-10
a-e00903,a-acct-098,a-acct-098-l1,invite_accepted,2026-09-21T22:39:00Z,control,,,,tal-2026-10
a-e01719,a-acct-181,a-acct-181-l4,learner_invited,2026-09-21T23:05:00Z,treatment,,,,tal-2026-10
a-e02085,a-acct-223,a-acct-223-l4,learner_invited,2026-09-21T23:15:00Z,control,,,,tal-2026-10
a-e01684,a-acct-177,a-acct-177-l4,meaningful_lab_completed,2026-09-21T23:54:00Z,treatment,,,lab-synthetic-2,tal-2026-10
a-e01556,a-acct-166,a-acct-166-l2,invite_accepted,2026-09-22T00:07:00Z,control,,,,tal-2026-10
a-e00329,a-acct-041,a-acct-041-l1,learner_invited,2026-09-22T00:14:00Z,treatment,,,,tal-2026-10
a-e00591,a-acct-068,a-acct-068-l1,invite_accepted,2026-09-22T00:52:00Z,control,,,,tal-2026-10
a-e02561,a-acct-273,a-acct-273-l2,learner_invited,2026-09-22T01:10:00Z,treatment,,,,tal-2026-10
a-e01484,a-acct-157,a-acct-157-l2,learner_invited,2026-09-15T12:46:00Z,treatment,,,,tal-2026-10
a-e01436,a-acct-152,a-acct-152-l3,learner_invited,2026-09-22T01:29:00Z,treatment,,,,tal-2026-10
a-e00147,a-acct-019,a-acct-019-l3,invite_accepted,2026-09-22T01:34:00Z,control,,,,tal-2026-10
a-e00150,a-acct-019,a-acct-019-l4,invite_accepted,2026-09-22T01:37:00Z,control,,,,tal-2026-10
a-e01434,a-acct-152,a-acct-152-l2,learner_invited,2026-09-22T01:37:00Z,treatment,,,,tal-2026-10
a-e02711,a-acct-285,a-acct-285-l4,learner_invited,2026-09-22T01:52:00Z,treatment,,,,tal-2026-10
a-e02562,a-acct-273,a-acct-273-l2,invite_accepted,2026-09-22T01:53:00Z,treatment,,,,tal-2026-10
a-e01717,a-acct-181,a-acct-181-l3,learner_invited,2026-09-22T02:04:00Z,treatment,,,,tal-2026-10
a-e02109,a-acct-226,a-acct-226-l2,lab_started,2026-09-22T02:11:00Z,control,,,lab-synthetic-5,tal-2026-10
a-e01172,a-acct-128,a-acct-128-l1,learner_invited,2026-09-22T02:14:00Z,treatment,,,,tal-2026-10
a-e00395,a-acct-049,a-acct-049-l2,meaningful_lab_completed,2026-09-22T02:18:00Z,control,,,lab-synthetic-3,tal-2026-10
a-e00143,a-acct-019,a-acct-019-l1,lab_started,2026-09-22T02:21:00Z,control,,,lab-synthetic-4,tal-2026-10
a-e00907,a-acct-098,a-acct-098-l2,lab_started,2026-09-22T02:27:00Z,control,,,lab-synthetic-3,tal-2026-10
a-e01718,a-acct-181,a-acct-181-l3,learner_opted_out,2026-09-22T03:19:00Z,treatment,,,,tal-2026-10
a-e00263,a-acct-034,a-acct-034-l4,learner_invited,2026-09-22T03:22:00Z,control,,,,tal-2026-10
a-e01903,a-acct-202,a-acct-202-l3,learner_invited,2026-09-22T03:22:00Z,control,,,,tal-2026-10
a-e01189,a-acct-129,a-acct-129-l3,lab_started,2026-09-22T03:25:00Z,control,,,lab-synthetic-3,tal-2026-10
a-e02558,a-acct-273,a-acct-273-l1,learner_invited,2026-09-22T03:31:00Z,treatment,,,,tal-2026-10
a-e00587,a-acct-067,a-acct-067-l2,meaningful_lab_completed,2026-09-22T03:40:00Z,treatment,,,lab-synthetic-4,tal-2026-10
a-e00582,a-acct-067,a-acct-067-l1,invite_accepted,2026-09-22T03:50:00Z,treatment,,,,tal-2026-10
a-e01713,a-acct-181,a-acct-181-l2,learner_invited,2026-09-22T04:11:00Z,treatment,,,,tal-2026-10
a-e01675,a-acct-177,a-acct-177-l2,lab_started,2026-09-22T04:13:00Z,treatment,,,lab-synthetic-4,tal-2026-10
a-e00064,a-acct-008,a-acct-008-l2,meaningful_lab_completed,2026-09-22T04:23:00Z,control,,,lab-synthetic-3,tal-2026-10
a-e00583,a-acct-067,a-acct-067-l1,lab_started,2026-09-22T04:36:00Z,treatment,,,lab-synthetic-2,tal-2026-10
a-e00335,a-acct-042,a-acct-042-l1,learner_invited,2026-09-22T04:50:00Z,treatment,,,,tal-2026-10
a-e01001,a-acct-111,a-acct-111-l1,invite_accepted,2026-09-22T04:57:00Z,treatment,,,,tal-2026-10
a-e01046,a-acct-114,a-acct-114-l4,learner_invited,2026-09-22T05:00:00Z,treatment,,,,tal-2026-10
a-e01537,a-acct-163,a-acct-163-l1,meaningful_lab_completed,2026-09-22T05:06:00Z,control,,,lab-synthetic-4,tal-2026-10
a-e02605,a-acct-277,a-acct-277-l1,learner_invited,2026-09-22T05:33:00Z,treatment,,,,tal-2026-10
a-e00194,a-acct-025,a-acct-025-l1,invite_accepted,2026-09-22T05:37:00Z,control,,,,tal-2026-10
a-e00617,a-acct-071,a-acct-071-l2,invite_accepted,2026-09-22T05:39:00Z,control,,,,tal-2026-10
a-e00330,a-acct-041,a-acct-041-l2,learner_invited,2026-09-22T05:54:00Z,treatment,,,,tal-2026-10
a-e00261,a-acct-034,a-acct-034-l2,learner_invited,2026-09-22T06:03:00Z,control,,,,tal-2026-10
a-e01050,a-acct-114,a-acct-114-l5,learner_invited,2026-09-22T06:09:00Z,treatment,,,,tal-2026-10
a-e01438,a-acct-152,a-acct-152-l4,learner_invited,2026-09-22T06:31:00Z,treatment,,,,tal-2026-10
a-e01175,a-acct-128,a-acct-128-l3,invite_accepted,2026-09-22T06:36:00Z,treatment,,,,tal-2026-10
a-e00197,a-acct-025,a-acct-025-l2,learner_invited,2026-09-22T06:52:00Z,control,,,,tal-2026-10
a-e01440,a-acct-152,a-acct-152-l5,learner_invited,2026-09-22T07:13:00Z,treatment,,,,tal-2026-10
a-e01432,a-acct-152,a-acct-152-l1,learner_invited,2026-09-22T07:18:00Z,treatment,,,,tal-2026-10
a-e02045,a-acct-218,a-acct-218-l3,lab_started,2026-09-22T07:23:00Z,treatment,,,lab-synthetic-3,tal-2026-10
a-e02087,a-acct-223,a-acct-223-l5,invite_accepted,2026-09-22T07:36:00Z,control,,,,tal-2026-10
a-e01122,a-acct-123,a-acct-123-l2,lab_started,2026-09-22T07:37:00Z,control,,,lab-synthetic-1,tal-2026-10
a-e02559,a-acct-273,a-acct-273-l1,invite_accepted,2026-09-22T07:40:00Z,treatment,,,,tal-2026-10
a-e00265,a-acct-034,a-acct-034-l5,learner_invited,2026-09-22T07:42:00Z,control,,,,tal-2026-10
a-e01687,a-acct-177,a-acct-177-l5,lab_started,2026-09-22T07:48:00Z,treatment,,,lab-synthetic-1,tal-2026-10
a-e01035,a-acct-114,a-acct-114-l1,invite_accepted,2026-09-22T07:49:00Z,treatment,,,,tal-2026-10
a-e00618,a-acct-071,a-acct-071-l2,lab_started,2026-09-22T07:56:00Z,control,,,lab-synthetic-5,tal-2026-10
a-e01895,a-acct-202,a-acct-202-l1,learner_invited,2026-09-22T08:03:00Z,control,,,,tal-2026-10
a-e00614,a-acct-071,a-acct-071-l1,lab_started,2026-09-22T08:16:00Z,control,,,lab-synthetic-2,tal-2026-10
a-e02082,a-acct-223,a-acct-223-l1,learner_invited,2026-09-22T08:18:00Z,control,,,,tal-2026-10
a-e02383,a-acct-253,a-acct-253-l3,learner_invited,2026-09-22T08:22:00Z,treatment,,,,tal-2026-10
a-e01231,a-acct-135,a-acct-135-l3,invite_accepted,2026-09-22T08:24:00Z,treatment,,,,tal-2026-10
a-e01745,a-acct-184,a-acct-184-l4,learner_invited,2026-09-22T08:42:00Z,treatment,,,,tal-2026-10
a-e02565,a-acct-273,a-acct-273-l4,learner_invited,2026-09-22T08:51:00Z,treatment,,,,tal-2026-10
a-e02040,a-acct-218,a-acct-218-l2,invite_accepted,2026-09-22T09:12:00Z,treatment,,,,tal-2026-10
a-e02606,a-acct-277,a-acct-277-l1,invite_accepted,2026-09-22T09:20:00Z,treatment,,,,tal-2026-10
a-e01746,a-acct-184,a-acct-184-l4,learner_opted_out,2026-09-22T10:55:00Z,treatment,,,,tal-2026-10
a-e02381,a-acct-253,a-acct-253-l2,learner_invited,2026-09-22T10:57:00Z,treatment,,,,tal-2026-10
a-e01899,a-acct-202,a-acct-202-l2,learner_invited,2026-09-22T11:07:00Z,control,,,,tal-2026-10
a-e02379,a-acct-253,a-acct-253-l1,learner_invited,2026-09-22T11:18:00Z,treatment,,,,tal-2026-10
a-e00913,a-acct-098,a-acct-098-l4,invite_accepted,2026-09-22T12:20:00Z,control,,,,tal-2026-10
a-e02566,a-acct-273,a-acct-273-l4,invite_accepted,2026-09-22T12:23:00Z,treatment,,,,tal-2026-10
a-e01176,a-acct-128,a-acct-128-l3,lab_started,2026-09-22T12:30:00Z,treatment,,,lab-synthetic-2,tal-2026-10
a-e01908,a-acct-202,a-acct-202-l5,learner_invited,2026-09-22T12:44:00Z,control,,,,tal-2026-10
a-e01437,a-acct-152,a-acct-152-l3,invite_accepted,2026-09-22T12:48:00Z,treatment,,,,tal-2026-10
a-e01051,a-acct-114,a-acct-114-l5,invite_accepted,2026-09-22T12:55:00Z,treatment,,,,tal-2026-10
a-e01223,a-acct-134,a-acct-134-l2,lab_started,2026-09-22T12:56:00Z,control,,,lab-synthetic-2,tal-2026-10
a-e00921,a-acct-099,a-acct-099-l4,invite_accepted,2026-09-22T13:23:00Z,control,,,,tal-2026-10
a-e01711,a-acct-181,a-acct-181-l1,learner_invited,2026-09-22T13:44:00Z,treatment,,,,tal-2026-10
a-e01002,a-acct-111,a-acct-111-l1,lab_started,2026-09-22T14:26:00Z,treatment,,,lab-synthetic-4,tal-2026-10
a-e02083,a-acct-223,a-acct-223-l2,learner_invited,2026-09-22T14:31:00Z,control,,,,tal-2026-10
a-e01071,a-acct-115,a-acct-115-l4,meaningful_lab_completed,2026-09-22T14:39:00Z,treatment,,,lab-synthetic-6,tal-2026-10
a-e00336,a-acct-042,a-acct-042-l1,invite_accepted,2026-09-22T16:03:00Z,treatment,,,,tal-2026-10
a-e00924,a-acct-099,a-acct-099-l5,lab_started,2026-09-22T16:17:00Z,control,,,lab-synthetic-2,tal-2026-10
a-e01007,a-acct-111,a-acct-111-l3,invite_accepted,2026-09-22T16:56:00Z,treatment,,,,tal-2026-10
a-e01039,a-acct-114,a-acct-114-l2,invite_accepted,2026-09-22T16:58:00Z,treatment,,,,tal-2026-10
a-e01671,a-acct-177,a-acct-177-l1,lab_started,2026-09-22T17:48:00Z,treatment,,,lab-synthetic-5,tal-2026-10
a-e01680,a-acct-177,a-acct-177-l3,meaningful_lab_completed,2026-09-22T18:11:00Z,treatment,,,lab-synthetic-2,tal-2026-10
a-e00909,a-acct-098,a-acct-098-l3,invite_accepted,2026-09-22T18:21:00Z,control,,,,tal-2026-10
a-e02041,a-acct-218,a-acct-218-l2,lab_started,2026-09-22T18:52:00Z,treatment,,,lab-synthetic-4,tal-2026-10
a-e00264,a-acct-034,a-acct-034-l4,learner_opted_out,2026-09-22T20:21:00Z,control,,,,tal-2026-10
a-e01720,a-acct-181,a-acct-181-l4,invite_accepted,2026-09-22T20:54:00Z,treatment,,,,tal-2026-10
a-e01005,a-acct-111,a-acct-111-l2,invite_accepted,2026-09-22T20:56:00Z,treatment,,,,tal-2026-10
a-e01714,a-acct-181,a-acct-181-l2,invite_accepted,2026-09-22T21:23:00Z,treatment,,,,tal-2026-10
a-e01904,a-acct-202,a-acct-202-l3,invite_accepted,2026-09-22T21:28:00Z,control,,,,tal-2026-10
a-e00512,a-acct-059,a-acct-059-l2,lab_started,2026-09-22T21:43:00Z,treatment,,,lab-synthetic-3,tal-2026-10
a-e02382,a-acct-253,a-acct-253-l2,invite_accepted,2026-09-22T22:08:00Z,treatment,,,,tal-2026-10
a-e02564,a-acct-273,a-acct-273-l3,invite_accepted,2026-09-22T22:12:00Z,treatment,,,,tal-2026-10
a-e01900,a-acct-202,a-acct-202-l2,invite_accepted,2026-09-22T22:24:00Z,control,,,,tal-2026-10
a-e00148,a-acct-019,a-acct-019-l3,lab_started,2026-09-22T22:32:00Z,control,,,lab-synthetic-1,tal-2026-10
a-e01219,a-acct-134,a-acct-134-l1,lab_started,2026-09-22T22:44:00Z,control,,,lab-synthetic-2,tal-2026-10
a-e01232,a-acct-135,a-acct-135-l3,lab_started,2026-09-22T23:13:00Z,treatment,,,lab-synthetic-1,tal-2026-10
a-e00303,a-acct-039,,plan_created,2026-09-22T23:49:00Z,control,,a-acct-039-generic,,tal-2026-10
a-e00904,a-acct-098,a-acct-098-l1,lab_started,2026-09-22T23:59:00Z,control,,,lab-synthetic-4,tal-2026-10
a-e02300,a-acct-246,a-acct-246-l4,learner_invited,2026-09-17T17:43:00Z,control,,,,tal-2026-10
a-e01712,a-acct-181,a-acct-181-l1,invite_accepted,2026-09-23T00:20:00Z,treatment,,,,tal-2026-10
a-e01467,a-acct-155,a-acct-155-l3,meaningful_lab_completed,2026-09-23T00:38:00Z,treatment,,,lab-synthetic-1,tal-2026-10
a-e00309,a-acct-039,a-acct-039-l4,learner_invited,2026-09-23T01:19:00Z,control,,,,tal-2026-10
a-e01715,a-acct-181,a-acct-181-l2,lab_started,2026-09-23T01:30:00Z,treatment,,,lab-synthetic-4,tal-2026-10
a-e01047,a-acct-114,a-acct-114-l4,invite_accepted,2026-09-23T01:51:00Z,treatment,,,,tal-2026-10
a-e01181,a-acct-129,a-acct-129-l1,lab_started,2026-09-23T01:53:00Z,control,,,lab-synthetic-3,tal-2026-10
a-e00619,a-acct-071,a-acct-071-l2,meaningful_lab_completed,2026-09-23T01:58:00Z,control,,,lab-synthetic-5,tal-2026-10
a-e02560,a-acct-273,a-acct-273-l1,lab_started,2026-09-23T02:02:00Z,treatment,,,lab-synthetic-5,tal-2026-10
a-e00513,a-acct-059,a-acct-059-l2,meaningful_lab_completed,2026-09-23T02:06:00Z,treatment,,,lab-synthetic-3,tal-2026-10
a-e00305,a-acct-039,a-acct-039-l2,learner_invited,2026-09-23T02:08:00Z,control,,,,tal-2026-10
a-e00595,a-acct-068,a-acct-068-l3,invite_accepted,2026-09-23T02:20:00Z,control,,,,tal-2026-10
a-e01461,a-acct-155,a-acct-155-l1,meaningful_lab_completed,2026-09-23T02:53:00Z,treatment,,,lab-synthetic-1,tal-2026-10
a-e01909,a-acct-202,a-acct-202-l5,invite_accepted,2026-09-23T02:54:00Z,control,,,,tal-2026-10
a-e00198,a-acct-025,a-acct-025-l2,invite_accepted,2026-09-23T02:58:00Z,control,,,,tal-2026-10
a-e00914,a-acct-098,a-acct-098-l4,lab_started,2026-09-23T02:58:00Z,control,,,lab-synthetic-2,tal-2026-10
a-e01439,a-acct-152,a-acct-152-l4,invite_accepted,2026-09-23T02:59:00Z,treatment,,,,tal-2026-10
a-e01193,a-acct-129,a-acct-129-l4,lab_started,2026-09-23T03:40:00Z,control,,,lab-synthetic-4,tal-2026-10
a-e02706,a-acct-285,a-acct-285-l1,invite_accepted,2026-09-23T03:54:00Z,treatment,,,,tal-2026-10
a-e00304,a-acct-039,a-acct-039-l1,learner_invited,2026-09-23T04:03:00Z,control,,,,tal-2026-10
a-e01905,a-acct-202,a-acct-202-l3,lab_started,2026-09-23T05:23:00Z,control,,,lab-synthetic-1,tal-2026-10
a-e01901,a-acct-202,a-acct-202-l2,lab_started,2026-09-23T05:41:00Z,control,,,lab-synthetic-4,tal-2026-10
a-e00592,a-acct-068,a-acct-068-l1,lab_started,2026-09-23T06:08:00Z,control,,,lab-synthetic-4,tal-2026-10
a-e01676,a-acct-177,a-acct-177-l2,meaningful_lab_completed,2026-09-23T06:26:00Z,treatment,,,lab-synthetic-4,tal-2026-10
a-e02384,a-acct-253,a-acct-253-l3,invite_accepted,2026-09-23T06:29:00Z,treatment,,,,tal-2026-10
a-e00910,a-acct-098,a-acct-098-l3,lab_started,2026-09-23T06:32:00Z,control,,,lab-synthetic-3,tal-2026-10
a-e01224,a-acct-134,a-acct-134-l2,meaningful_lab_completed,2026-09-23T06:41:00Z,control,,,lab-synthetic-2,tal-2026-10
a-e01190,a-acct-129,a-acct-129-l3,meaningful_lab_completed,2026-09-23T06:42:00Z,control,,,lab-synthetic-3,tal-2026-10
a-e01433,a-acct-152,a-acct-152-l1,invite_accepted,2026-09-23T07:04:00Z,treatment,,,,tal-2026-10
a-e00615,a-acct-071,a-acct-071-l1,meaningful_lab_completed,2026-09-23T07:08:00Z,control,,,lab-synthetic-2,tal-2026-10
a-e02569,a-acct-273,a-acct-273-l5,lab_started,2026-09-23T07:13:00Z,treatment,,,lab-synthetic-2,tal-2026-10
a-e01043,a-acct-114,a-acct-114-l3,invite_accepted,2026-09-23T07:18:00Z,treatment,,,,tal-2026-10
a-e01075,a-acct-115,a-acct-115-l5,meaningful_lab_completed,2026-09-23T07:20:00Z,treatment,,,lab-synthetic-3,tal-2026-10
a-e01040,a-acct-114,a-acct-114-l2,lab_started,2026-09-23T07:22:00Z,treatment,,,lab-synthetic-4,tal-2026-10
a-e01721,a-acct-181,a-acct-181-l4,lab_started,2026-09-23T07:34:00Z,treatment,,,lab-synthetic-2,tal-2026-10
a-e02707,a-acct-285,a-acct-285-l1,lab_started,2026-09-23T07:57:00Z,treatment,,,lab-synthetic-2,tal-2026-10
a-e00422,a-acct-052,a-acct-052-l1,meaningful_lab_completed,2026-09-23T07:59:00Z,control,,,lab-synthetic-1,tal-2026-10
a-e01435,a-acct-152,a-acct-152-l2,invite_accepted,2026-09-23T08:11:00Z,treatment,,,,tal-2026-10
a-e00306,a-acct-039,a-acct-039-l3,learner_invited,2026-09-23T08:42:00Z,control,,,,tal-2026-10
a-e02072,a-acct-221,a-acct-221-l1,meaningful_lab_completed,2026-09-10T09:14:00Z,treatment,,,lab-synthetic-6,tal-2026-10
a-e01832,a-acct-194,a-acct-194-l4,meaningful_lab_completed,2026-09-23T09:54:00Z,treatment,,,lab-synthetic-3,tal-2026-10
a-e02610,a-acct-277,a-acct-277-l2,invite_accepted,2026-09-23T12:14:00Z,treatment,,,,tal-2026-10
a-e01119,a-acct-123,a-acct-123-l1,meaningful_lab_completed,2026-09-23T12:41:00Z,control,,,lab-synthetic-1,tal-2026-10
a-e01716,a-acct-181,a-acct-181-l2,meaningful_lab_completed,2026-09-23T13:18:00Z,treatment,,,lab-synthetic-4,tal-2026-10
a-e00337,a-acct-042,a-acct-042-l1,lab_started,2026-09-23T13:48:00Z,treatment,,,lab-synthetic-4,tal-2026-10
a-e01052,a-acct-114,a-acct-114-l5,lab_started,2026-09-23T13:52:00Z,treatment,,,lab-synthetic-1,tal-2026-10
a-e02611,a-acct-277,a-acct-277-l2,lab_started,2026-09-23T14:09:00Z,treatment,,,lab-synthetic-4,tal-2026-10
a-e01044,a-acct-114,a-acct-114-l3,lab_started,2026-09-23T14:57:00Z,treatment,,,lab-synthetic-2,tal-2026-10
a-e01067,a-acct-115,a-acct-115-l3,meaningful_lab_completed,2026-09-23T14:57:00Z,treatment,,,lab-synthetic-2,tal-2026-10
a-e02607,a-acct-277,a-acct-277-l1,lab_started,2026-09-23T15:23:00Z,treatment,,,lab-synthetic-5,tal-2026-10
a-e00310,a-acct-039,a-acct-039-l5,learner_invited,2026-09-23T15:28:00Z,control,,,,tal-2026-10
a-e02046,a-acct-218,a-acct-218-l3,meaningful_lab_completed,2026-09-23T16:11:00Z,treatment,,,lab-synthetic-3,tal-2026-10
a-e01053,a-acct-114,a-acct-114-l5,meaningful_lab_completed,2026-09-23T16:43:00Z,treatment,,,lab-synthetic-1,tal-2026-10
a-e02088,a-acct-223,a-acct-223-l5,lab_started,2026-09-23T17:13:00Z,control,,,lab-synthetic-1,tal-2026-10
a-e02380,a-acct-253,a-acct-253-l1,invite_accepted,2026-09-23T17:32:00Z,treatment,,,,tal-2026-10
a-e01910,a-acct-202,a-acct-202-l5,lab_started,2026-09-23T18:15:00Z,control,,,lab-synthetic-5,tal-2026-10
a-e01048,a-acct-114,a-acct-114-l4,lab_started,2026-09-23T18:25:00Z,treatment,,,lab-synthetic-6,tal-2026-10
a-e01036,a-acct-114,a-acct-114-l1,lab_started,2026-09-23T19:01:00Z,treatment,,,lab-synthetic-5,tal-2026-10
a-e01896,a-acct-202,a-acct-202-l1,invite_accepted,2026-09-23T20:04:00Z,control,,,,tal-2026-10
a-e00596,a-acct-068,a-acct-068-l3,lab_started,2026-09-23T20:12:00Z,control,,,lab-synthetic-1,tal-2026-10
a-e01045,a-acct-114,a-acct-114-l3,meaningful_lab_completed,2026-09-23T21:43:00Z,treatment,,,lab-synthetic-2,tal-2026-10
a-e01906,a-acct-202,a-acct-202-l3,meaningful_lab_completed,2026-09-23T22:32:00Z,control,,,lab-synthetic-1,tal-2026-10
a-e00307,a-acct-039,a-acct-039-l3,invite_accepted,2026-09-24T00:10:00Z,control,,,,tal-2026-10
a-e01049,a-acct-114,a-acct-114-l4,meaningful_lab_completed,2026-09-24T01:41:00Z,treatment,,,lab-synthetic-6,tal-2026-10
a-e02110,a-acct-226,a-acct-226-l2,meaningful_lab_completed,2026-09-24T01:49:00Z,control,,,lab-synthetic-5,tal-2026-10
a-e00199,a-acct-025,a-acct-025-l2,lab_started,2026-09-24T04:16:00Z,control,,,lab-synthetic-4,tal-2026-10
a-e01220,a-acct-134,a-acct-134-l1,meaningful_lab_completed,2026-09-24T07:33:00Z,control,,,lab-synthetic-2,tal-2026-10
a-e01688,a-acct-177,a-acct-177-l5,meaningful_lab_completed,2026-09-24T07:46:00Z,treatment,,,lab-synthetic-1,tal-2026-10
a-e01722,a-acct-181,a-acct-181-l4,meaningful_lab_completed,2026-09-24T08:32:00Z,treatment,,,lab-synthetic-2,tal-2026-10
a-e00911,a-acct-098,a-acct-098-l3,meaningful_lab_completed,2026-09-24T08:47:00Z,control,,,lab-synthetic-3,tal-2026-10
a-e02042,a-acct-218,a-acct-218-l2,meaningful_lab_completed,2026-09-24T14:26:00Z,treatment,,,lab-synthetic-4,tal-2026-10
a-e01233,a-acct-135,a-acct-135-l3,meaningful_lab_completed,2026-09-24T17:46:00Z,treatment,,,lab-synthetic-1,tal-2026-10
a-e01897,a-acct-202,a-acct-202-l1,lab_started,2026-09-24T18:05:00Z,control,,,lab-synthetic-2,tal-2026-10
a-e00308,a-acct-039,a-acct-039-l3,lab_started,2026-09-24T18:31:00Z,control,,,lab-synthetic-5,tal-2026-10
a-e01182,a-acct-129,a-acct-129-l1,meaningful_lab_completed,2026-09-24T20:33:00Z,control,,,lab-synthetic-3,tal-2026-10
a-e01902,a-acct-202,a-acct-202-l2,meaningful_lab_completed,2026-09-24T22:46:00Z,control,,,lab-synthetic-4,tal-2026-10
a-e01003,a-acct-111,a-acct-111-l1,meaningful_lab_completed,2026-09-24T23:50:00Z,treatment,,,lab-synthetic-4,tal-2026-10
a-e01672,a-acct-177,a-acct-177-l1,meaningful_lab_completed,2026-09-25T00:34:00Z,treatment,,,lab-synthetic-5,tal-2026-10
a-e00196,a-acct-025,a-acct-025-l1,meaningful_lab_completed,2026-09-25T00:42:00Z,control,,,lab-synthetic-1,tal-2026-10
a-e00144,a-acct-019,a-acct-019-l1,meaningful_lab_completed,2026-09-25T01:39:00Z,control,,,lab-synthetic-4,tal-2026-10
a-e01037,a-acct-114,a-acct-114-l1,meaningful_lab_completed,2026-09-25T02:11:00Z,treatment,,,lab-synthetic-5,tal-2026-10
a-e01911,a-acct-202,a-acct-202-l5,meaningful_lab_completed,2026-09-25T03:19:00Z,control,,,lab-synthetic-5,tal-2026-10
a-e00597,a-acct-068,a-acct-068-l3,meaningful_lab_completed,2026-09-25T05:27:00Z,control,,,lab-synthetic-1,tal-2026-10
a-e00915,a-acct-098,a-acct-098-l4,meaningful_lab_completed,2026-09-25T14:34:00Z,control,,,lab-synthetic-2,tal-2026-10
a-e02708,a-acct-285,a-acct-285-l1,meaningful_lab_completed,2026-09-25T15:22:00Z,treatment,,,lab-synthetic-2,tal-2026-10
a-e01194,a-acct-129,a-acct-129-l4,meaningful_lab_completed,2026-09-26T01:01:00Z,control,,,lab-synthetic-4,tal-2026-10
a-e02570,a-acct-273,a-acct-273-l5,meaningful_lab_completed,2026-09-26T03:40:00Z,treatment,,,lab-synthetic-2,tal-2026-10
a-e01041,a-acct-114,a-acct-114-l2,meaningful_lab_completed,2026-09-26T05:18:00Z,treatment,,,lab-synthetic-4,tal-2026-10
a-e02612,a-acct-277,a-acct-277-l2,meaningful_lab_completed,2026-09-26T05:49:00Z,treatment,,,lab-synthetic-4,tal-2026-10
a-e02608,a-acct-277,a-acct-277-l1,meaningful_lab_completed,2026-09-26T10:10:00Z,treatment,,,lab-synthetic-5,tal-2026-10
a-e00200,a-acct-025,a-acct-025-l2,meaningful_lab_completed,2026-09-27T04:04:00Z,control,,,lab-synthetic-4,tal-2026-10
a-e01898,a-acct-202,a-acct-202-l1,meaningful_lab_completed,2026-09-27T13:30:00Z,control,,,lab-synthetic-2,tal-2026-10
a-bad-1,,,evaluation_started,2026-09-04T10:00:00Z,control,,,,tal-2026-10
a-bad-2,a-acct-900,a-acct-900-l1,learner_invited,04/09/2026 10:00,treatment,,,,tal-2026-10
a-bad-3,a-acct-901,,course_purchased,2026-09-05T09:00:00Z,control,,,,tal-2026-10
a-bad-4,a-acct-902,,lab_started,2026-09-05T09:00:00Z,treatment,,,lab-synthetic-1,tal-2026-10
a-bad-5,a-acct-903,,evaluation_started,2026-09-06T08:00:00Z,variant_b,,,,tal-2026-10
